slug,genre,title,meta_description,lead,priority,tags,author_name,author_profile,reviewer_name,reviewer_profile,fact_checked_at,primary_sources,original_note,user_intent,action_items,update_policy,last_reviewed_at,next_review_at,source_checked_at,content_status,revision_note,section_1_heading,section_1_body,section_2_heading,section_2_body,section_3_heading,section_3_body,section_4_heading,section_4_body,section_5_heading,section_5_body,section_6_heading,section_6_body,section_7_heading,section_7_body,faq_1_question,faq_1_answer,faq_2_question,faq_2_answer,related_links,faq_3_question,faq_3_answer,faq_4_question,faq_4_answer
anzen-eisei-taisei,分野別対策,第一種衛生管理者・安全衛生管理体制【選任・専任・委員会の整理】,労働安全衛生法に基づく安全衛生管理体制、衛生管理者・安全管理者・委員会の整理を試験対策向けに解説します。,"関係法令で頻出するのが安全衛生管理体制です。常時雇用者数・業種・有害業務の有無によって、選任義務・専任性・委員会設置が変わります。

現場の衛生管理者・受験生の双方に役立つよう、第一種衛生管理者試験の出題傾向と学習の進め方をあわせて整理しています。

現場の衛生管理者・受験生の双方に役立つよう、第一種衛生管理者試験の出題傾向と学習の進め方をあわせて整理しています。

現場の衛生管理者・受験生の双方に役立つよう、第一種衛生管理者試験の出題傾向と学習の進め方をあわせて整理しています。",10,第一種衛生管理者;試験ガイド,一衛マスター編集部,第一種衛生管理者試験の学習コンテンツを整理する編集チーム,一衛マスター確認担当,公開前に公式情報と内部リンクを確認,2026-05-19,安全衛生技術試験協会（公式）|https://www.exam.or.jp/,旧 articles/*.html から移行,第一種衛生管理者・安全衛生管理体制【選任・専任・委員会の整理】について試験前に整理したい,公式情報を確認する;関連用語と過去問で定着する,試験要項・公式情報の改定時に見直す,2026-05-19,2026-08-18,2026-05-19,published,migrate_import_data.py で移行,この記事でわかること,"本記事は、第一種衛生管理者試験の受験生向けに「第一種衛生管理者・安全衛生管理体制」を整理したガイドです（ジャンル：分野別対策）。

関係法令で頻出するのが安全衛生管理体制です。常時雇用者数・業種・有害業務の有無によって、選任義務・専任性・委員会設置が変わります。

現場の衛生管理者・受験生の双方に役立つよう、第一種衛生管理者試験の出題傾向と学習の進め方をあわせて整理しています。

現場の衛生管理者・受験生の双方に役立つよう、第一種衛生管理者試験の出題傾向と学習の進め方をあわせて整理しています。

数値・期限・公式情報は年度で変わることがあるため、受験前には必ず試験実施団体の最新案内も確認してください。",50人の壁と体制の基本,"常時50人以上の事業場では、衛生管理者・安全管理者の選任、産業医の選任、安全衛生委員会の設置がセットで問われます。人数だけでなく、専任性・兼務の可否・選任届の提出先（労働基準監督署）まで、表にまとめて覚えると入れ替え問題に強くなります。

第一種と第二種の衛生管理者の違い（対応業種・有害業務）も、体制図と一緒に整理してください。",試験で差がつくひっかけ,"「年1回開催でよい」「保存1年で足りる」「届出は都道府県労働局」など、頻度・保存年限・提出先の1語だけをずらした選択肢が定番です。

正しい説明に似せた長文の中から、数値か主体かを特定する練習を過去問で行いましょう。",現場での運用イメージ,"試験は条文寄りですが、合格後は「体制図があるのに会議が開かれない」「議事録が残っていない」ことが実務上の弱点になります。

衛生委員会の議題（作業環境・健康診断・教育）と、改善の実行までセットで考えると理解が深まります。",学習の進め方,"用語解説で「衛生管理者」「安全衛生委員会」「総括安全衛生管理者」を読み、続けて関係法令の過去問で人数・頻度を確認します。

一衛マスターの過去問演習で、誤りの理由まで言える状態を目指してください。",過去問・用語解説のつなげ方,"「第一種衛生管理者・安全衛生管理体制」のテーマは、過去問で「正しい説明に似せた誤り」として繰り返し出題されます。

一衛マスターで該当分野の問題を解いたあと、間違えた選択肢のキーワードで用語解説一覧を検索し、定義・数値・主体の違いを1行メモにまとめてください。

同じミスを3回以上繰り返す場合は、分野別の試験ガイド記事に戻り、表やチェックリストで整理し直すと改善が早いです。",学習チェックリスト,□ 公式の試験要項で最新の範囲・日程を確認した;□ 本記事の要点を読み、関連する用語解説を2語以上読んだ;□ 同テーマの過去問を5問以上解き、誤りの理由をメモした;□ 数値・期限・主体の入れ替えに弱い場合は、カードに書き直した;□ 分野別対策の記事をもう1本読み、学習の抜け道がないか確認した,第一種衛生管理者・安全衛生管理体制は独学でも十分に対策できますか？,"はい。過去問演習・用語解説・計画的な復習があれば独学でも合格は十分可能です。

本記事の要点を押さえたうえで、一衛マスターの過去問・一問一答でアウトプットを重ねてください。",第一種衛生管理者・安全衛生管理体制の学習で最優先すべきことは何ですか？,"公式の試験要項で範囲を固定し、過去問で現在地を把握したあと、間違えた論点を用語解説で補強する流れが最優先です。

教材を増やすより、同じ過去問を質の高い復習で回す方が得点につながります。",shiken-kamoku:試験科目;kankei-hourei-benkyou:関係法令の勉強法;juken-shikaku:受験資格,公式情報はどこで確認すればよいですか？,"安全衛生技術試験協会（https://www.exam.or.jp/）および厚生労働省の労働安全衛生関連ページで、試験日程・受験資格・合格基準の最新版を確認してください。

本記事は学習用の整理であり、制度改正時は必ず原文・公式案内を優先してください。",この記事のあとに何を学習するとよいですか？,"関連する試験ガイドと用語解説を1〜2本読み、続けて同テーマの過去問を解いて定着させてください。

誤りの理由までメモできる状態が、本番での安定につながります。"
benkyou-jikan,独学対策,第一種衛生管理者の勉強時間はどれくらい？1ヶ月・2ヶ月・3ヶ月の学習計画,第一種衛生管理者の勉強時間の目安と、1ヶ月・2ヶ月・3ヶ月で合格を目指す学習スケジュールを解説します。,"第一種衛生管理者は、仕事をしながら受験する人が多い資格です。勉強時間は前提知識によって変わりますが、初学者ならおおむね80〜120時間程度を見ておくと計画を立てやすくなります。

現場の衛生管理者・受験生の双方に役立つよう、第一種衛生管理者試験の出題傾向と学習の進め方をあわせて整理しています。

現場の衛生管理者・受験生の双方に役立つよう、第一種衛生管理者試験の出題傾向と学習の進め方をあわせて整理しています。

現場の衛生管理者・受験生の双方に役立つよう、第一種衛生管理者試験の出題傾向と学習の進め方をあわせて整理しています。",20,第一種衛生管理者;試験ガイド,一衛マスター編集部,第一種衛生管理者試験の学習コンテンツを整理する編集チーム,一衛マスター確認担当,公開前に公式情報と内部リンクを確認,2026-05-14,安全衛生技術試験協会（公式）|https://www.exam.or.jp/,旧 articles/*.html から移行,第一種衛生管理者の勉強時間はどれくらい？1ヶ月・2ヶ月・3ヶ月の学習計画について試験前に整理したい,公式情報を確認する;関連用語と過去問で定着する,試験要項・公式情報の改定時に見直す,2026-05-14,2026-08-18,2026-05-14,published,migrate_import_data.py で移行,この記事でわかること,"本記事は、第一種衛生管理者試験の受験生向けに「第一種衛生管理者の勉強時間はどれくらい？1ヶ月・2ヶ月・3ヶ月の学習計画」を整理したガイドです（ジャンル：独学対策）。

第一種衛生管理者は、仕事をしながら受験する人が多い資格です。勉強時間は前提知識によって変わりますが、初学者ならおおむね80〜120時間程度を見ておくと計画を立てやすくなります。

現場の衛生管理者・受験生の双方に役立つよう、第一種衛生管理者試験の出題傾向と学習の進め方をあわせて整理しています。

現場の衛生管理者・受験生の双方に役立つよう、第一種衛生管理者試験の出題傾向と学習の進め方をあわせて整理しています。

数値・期限・公式情報は年度で変わることがあるため、受験前には必ず試験実施団体の最新案内も確認してください。",タイプ別の目安時間,"初学者はおおむね80〜120時間、第二種合格者は50〜80時間、保健師・看護師など関連資格保有者は40〜70時間が目安です（個人差あり）。

「何時間」より「週あたり何時間を確保できるか」で1ヶ月・2ヶ月・3ヶ月プランを組むと現実的です。",時間の配分（5区分）,関係法令（有害・有害以外）、労働衛生（有害・有害以外）、労働生理の5区分に、過去問の出題比率に近い配分を取ります。苦手科目に時間を寄せすぎると、足切り科目で失点しやすくなるため、最低限の底上げラインを先に決めてください。,仕事しながらのコツ,"通勤・昼休み15分×2回＋夜30分の「細切れ学習」でも、週5時間は確保できます。

動画視聴だけで終わらせず、同じ日に過去問を5問解く「インプットとアウトプットの同日セット」が効率的です。",過去問・用語解説のつなげ方,"「第一種衛生管理者の勉強時間はどれくらい？1ヶ月・2ヶ月・3ヶ月の学習計画」のテーマは、過去問で「正しい説明に似せた誤り」として繰り返し出題されます。

一衛マスターで該当分野の問題を解いたあと、間違えた選択肢のキーワードで用語解説一覧を検索し、定義・数値・主体の違いを1行メモにまとめてください。

同じミスを3回以上繰り返す場合は、分野別の試験ガイド記事に戻り、表やチェックリストで整理し直すと改善が早いです。",学習チェックリスト,□ 公式の試験要項で最新の範囲・日程を確認した;□ 本記事の要点を読み、関連する用語解説を2語以上読んだ;□ 同テーマの過去問を5問以上解き、誤りの理由をメモした;□ 数値・期限・主体の入れ替えに弱い場合は、カードに書き直した;□ 独学対策の記事をもう1本読み、学習の抜け道がないか確認した,受験生がつまずきやすい点,"【専門家の視点】独学では「演習量」と「誤りの分析」の質が成果を分けます。

テキストを何度読んでも、過去問で誤った選択肢の理由を言語化できなければ本番で同じミスを繰り返しやすくなります。",第一種衛生管理者の勉強時間はどれくらい？1ヶ月・2ヶ月・3ヶ月の学習計画は独学でも十分に対策できますか？,"はい。過去問演習・用語解説・計画的な復習があれば独学でも合格は十分可能です。

本記事の要点を押さえたうえで、一衛マスターの過去問・一問一答でアウトプットを重ねてください。",第一種衛生管理者の勉強時間はどれくらい？1ヶ月・2ヶ月・3ヶ月の学習計画の学習で最優先すべきことは何ですか？,"公式の試験要項で範囲を固定し、過去問で現在地を把握したあと、間違えた論点を用語解説で補強する流れが最優先です。

教材を増やすより、同じ過去問を質の高い復習で回す方が得点につながります。",benkyou-junban:勉強の順番;dokugaku-guide:独学ガイド;shiken-guide:試験ガイド,公式情報はどこで確認すればよいですか？,"安全衛生技術試験協会（https://www.exam.or.jp/）および厚生労働省の労働安全衛生関連ページで、試験日程・受験資格・合格基準の最新版を確認してください。

本記事は学習用の整理であり、制度改正時は必ず原文・公式案内を優先してください。",この記事のあとに何を学習するとよいですか？,"関連する試験ガイドと用語解説を1〜2本読み、続けて同テーマの過去問を解いて定着させてください。

誤りの理由までメモできる状態が、本番での安定につながります。"
benkyou-junban,独学対策,第一種衛生管理者・勉強の順番【初学者向けロードマップ】,第一種衛生管理者試験を初めて学ぶ人向けに、テキスト・過去問・一問一答の進める順番と全体のロードマップを解説します。,"第一種衛生管理者は範囲が広く、いきなり過去問だけでは挫折しやすい試験です。まず全体像をつかみ、次に演習で弱点を潰す2段階で進めると効率が上がります。

現場の衛生管理者・受験生の双方に役立つよう、第一種衛生管理者試験の出題傾向と学習の進め方をあわせて整理しています。

現場の衛生管理者・受験生の双方に役立つよう、第一種衛生管理者試験の出題傾向と学習の進め方をあわせて整理しています。

現場の衛生管理者・受験生の双方に役立つよう、第一種衛生管理者試験の出題傾向と学習の進め方をあわせて整理しています。",30,第一種衛生管理者;試験ガイド,一衛マスター編集部,第一種衛生管理者試験の学習コンテンツを整理する編集チーム,一衛マスター確認担当,公開前に公式情報と内部リンクを確認,2026-05-19,安全衛生技術試験協会（公式）|https://www.exam.or.jp/,旧 articles/*.html から移行,第一種衛生管理者・勉強の順番【初学者向けロードマップ】について試験前に整理したい,公式情報を確認する;関連用語と過去問で定着する,試験要項・公式情報の改定時に見直す,2026-05-19,2026-08-18,2026-05-19,published,migrate_import_data.py で移行,この記事でわかること,"本記事は、第一種衛生管理者試験の受験生向けに「第一種衛生管理者・勉強の順番」を整理したガイドです（ジャンル：独学対策）。

第一種衛生管理者は範囲が広く、いきなり過去問だけでは挫折しやすい試験です。まず全体像をつかみ、次に演習で弱点を潰す2段階で進めると効率が上がります。

現場の衛生管理者・受験生の双方に役立つよう、第一種衛生管理者試験の出題傾向と学習の進め方をあわせて整理しています。

現場の衛生管理者・受験生の双方に役立つよう、第一種衛生管理者試験の出題傾向と学習の進め方をあわせて整理しています。

数値・期限・公式情報は年度で変わることがあるため、受験前には必ず試験実施団体の最新案内も確認してください。",初学者向けロードマップ,①試験概要と受験資格の確認 → ②テキストで5区分の全体像 → ③過去問1年度分解（現在地把握） → ④苦手科目の用語解説 → ⑤過去問2周目（誤りの型を分類） → ⑥直前の数値・期限の総仕上げ、の順がおすすめです。,科目のつながり,"関係法令で学んだ選任・健診の要件が、労働衛生の粉じん・化学物質の管理と接続します。

労働生理の温熱・検査指標は、労働衛生のリスク評価とも重なります。分野をまたいで同じキーワード（50人、保存年限など）を探すと記憶が定着します。",過去問・用語解説のつなげ方,"「第一種衛生管理者・勉強の順番」のテーマは、過去問で「正しい説明に似せた誤り」として繰り返し出題されます。

一衛マスターで該当分野の問題を解いたあと、間違えた選択肢のキーワードで用語解説一覧を検索し、定義・数値・主体の違いを1行メモにまとめてください。

同じミスを3回以上繰り返す場合は、分野別の試験ガイド記事に戻り、表やチェックリストで整理し直すと改善が早いです。",学習チェックリスト,□ 公式の試験要項で最新の範囲・日程を確認した;□ 本記事の要点を読み、関連する用語解説を2語以上読んだ;□ 同テーマの過去問を5問以上解き、誤りの理由をメモした;□ 数値・期限・主体の入れ替えに弱い場合は、カードに書き直した;□ 独学対策の記事をもう1本読み、学習の抜け道がないか確認した,受験生がつまずきやすい点,"【専門家の視点】独学では「演習量」と「誤りの分析」の質が成果を分けます。

テキストを何度読んでも、過去問で誤った選択肢の理由を言語化できなければ本番で同じミスを繰り返しやすくなります。",,,第一種衛生管理者・勉強の順番は独学でも十分に対策できますか？,"はい。過去問演習・用語解説・計画的な復習があれば独学でも合格は十分可能です。

本記事の要点を押さえたうえで、一衛マスターの過去問・一問一答でアウトプットを重ねてください。",第一種衛生管理者・勉強の順番の学習で最優先すべきことは何ですか？,"公式の試験要項で範囲を固定し、過去問で現在地を把握したあと、間違えた論点を用語解説で補強する流れが最優先です。

教材を増やすより、同じ過去問を質の高い復習で回す方が得点につながります。",benkyou-jikan:勉強時間;dokugaku-guide:独学ガイド;kakomon-kakaikata:過去問の回し方,公式情報はどこで確認すればよいですか？,"安全衛生技術試験協会（https://www.exam.or.jp/）および厚生労働省の労働安全衛生関連ページで、試験日程・受験資格・合格基準の最新版を確認してください。

本記事は学習用の整理であり、制度改正時は必ず原文・公式案内を優先してください。",この記事のあとに何を学習するとよいですか？,"関連する試験ガイドと用語解説を1〜2本読み、続けて同テーマの過去問を解いて定着させてください。

誤りの理由までメモできる状態が、本番での安定につながります。"
chokuzen-1kagetsu,直前・当日,第一種衛生管理者・試験直前1ヶ月の対策【やること優先順位】,第一種衛生管理者試験の直前1ヶ月でやるべきこと。過去問・一問一答・足切り回避の優先順位を整理します。,"直前1ヶ月は新しい教材を増やすより、得点できる論点の定着に切り替える時期です。特に第一種は科目別の足切りがあるため、苦手科目を放置しないことが重要です。

現場の衛生管理者・受験生の双方に役立つよう、第一種衛生管理者試験の出題傾向と学習の進め方をあわせて整理しています。

現場の衛生管理者・受験生の双方に役立つよう、第一種衛生管理者試験の出題傾向と学習の進め方をあわせて整理しています。

現場の衛生管理者・受験生の双方に役立つよう、第一種衛生管理者試験の出題傾向と学習の進め方をあわせて整理しています。",40,第一種衛生管理者;試験ガイド,一衛マスター編集部,第一種衛生管理者試験の学習コンテンツを整理する編集チーム,一衛マスター確認担当,公開前に公式情報と内部リンクを確認,2026-05-19,安全衛生技術試験協会（公式）|https://www.exam.or.jp/,旧 articles/*.html から移行,第一種衛生管理者・試験直前1ヶ月の対策【やること優先順位】について試験前に整理したい,公式情報を確認する;関連用語と過去問で定着する,試験要項・公式情報の改定時に見直す,2026-05-19,2026-08-18,2026-05-19,published,migrate_import_data.py で移行,この記事でわかること,"本記事は、第一種衛生管理者試験の受験生向けに「第一種衛生管理者・試験直前1ヶ月の対策」を整理したガイドです（ジャンル：直前・当日）。

直前1ヶ月は新しい教材を増やすより、得点できる論点の定着に切り替える時期です。特に第一種は科目別の足切りがあるため、苦手科目を放置しないことが重要です。

現場の衛生管理者・受験生の双方に役立つよう、第一種衛生管理者試験の出題傾向と学習の進め方をあわせて整理しています。

現場の衛生管理者・受験生の双方に役立つよう、第一種衛生管理者試験の出題傾向と学習の進め方をあわせて整理しています。

数値・期限・公式情報は年度で変わることがあるため、受験前には必ず試験実施団体の最新案内も確認してください。",直前1ヶ月の優先順位,"新しいテキストの通読はやめ、過去問と間違いノートに切り替えます。

①足切りになりやすい苦手科目の最低ライン確保、②全体の過去問1周、③数値・期限カードの見直し、の順で時間を使ってください。",やめることリスト,"参考書の買い足し、未読分野の完璧な理解、SNSでの情報収集のしすぎは、直前の得点効率を下げます。

「わからない用語」は用語解説で1記事だけ読み、深追いは合格後に回しましょう。",過去問・用語解説のつなげ方,"「第一種衛生管理者・試験直前1ヶ月の対策」のテーマは、過去問で「正しい説明に似せた誤り」として繰り返し出題されます。

一衛マスターで該当分野の問題を解いたあと、間違えた選択肢のキーワードで用語解説一覧を検索し、定義・数値・主体の違いを1行メモにまとめてください。

同じミスを3回以上繰り返す場合は、分野別の試験ガイド記事に戻り、表やチェックリストで整理し直すと改善が早いです。",学習チェックリスト,□ 公式の試験要項で最新の範囲・日程を確認した;□ 本記事の要点を読み、関連する用語解説を2語以上読んだ;□ 同テーマの過去問を5問以上解き、誤りの理由をメモした;□ 数値・期限・主体の入れ替えに弱い場合は、カードに書き直した;□ 直前・当日の記事をもう1本読み、学習の抜け道がないか確認した,受験生がつまずきやすい点,"【専門家の視点】直前対策は、新しい知識の追加より「既に学んだ論点の精度向上」に時間を使う段階です。

間違いパターンの分類と、数値カードの見直しが最も投資対効果が高くなります。",,,第一種衛生管理者・試験直前1ヶ月の対策は独学でも十分に対策できますか？,"はい。過去問演習・用語解説・計画的な復習があれば独学でも合格は十分可能です。

本記事の要点を押さえたうえで、一衛マスターの過去問・一問一答でアウトプットを重ねてください。",第一種衛生管理者・試験直前1ヶ月の対策の学習で最優先すべきことは何ですか？,"公式の試験要項で範囲を固定し、過去問で現在地を把握したあと、間違えた論点を用語解説で補強する流れが最優先です。

教材を増やすより、同じ過去問を質の高い復習で回す方が得点につながります。",chokuzen-1shukan:直前1週間;kakomon-kakaikata:過去問;machigai-chui-ten:よく間違える論点,公式情報はどこで確認すればよいですか？,"安全衛生技術試験協会（https://www.exam.or.jp/）および厚生労働省の労働安全衛生関連ページで、試験日程・受験資格・合格基準の最新版を確認してください。

本記事は学習用の整理であり、制度改正時は必ず原文・公式案内を優先してください。",この記事のあとに何を学習するとよいですか？,"関連する試験ガイドと用語解説を1〜2本読み、続けて同テーマの過去問を解いて定着させてください。

誤りの理由までメモできる状態が、本番での安定につながります。"
chokuzen-1shukan,直前・当日,第一種衛生管理者・試験直前1週間の対策【最終確認リスト】,第一種衛生管理者試験の直前1週間で確認すべき項目リスト。持ち物・体調・最終復習のポイントをまとめます。,"直前1週間は学習量を絞り、記憶の定着と本番コンディションを整える期間です。新規の広い範囲のインプットは最小限にし、間違いノートと頻出数値に集中しましょう。

現場の衛生管理者・受験生の双方に役立つよう、第一種衛生管理者試験の出題傾向と学習の進め方をあわせて整理しています。

現場の衛生管理者・受験生の双方に役立つよう、第一種衛生管理者試験の出題傾向と学習の進め方をあわせて整理しています。

現場の衛生管理者・受験生の双方に役立つよう、第一種衛生管理者試験の出題傾向と学習の進め方をあわせて整理しています。",50,第一種衛生管理者;試験ガイド,一衛マスター編集部,第一種衛生管理者試験の学習コンテンツを整理する編集チーム,一衛マスター確認担当,公開前に公式情報と内部リンクを確認,2026-05-19,安全衛生技術試験協会（公式）|https://www.exam.or.jp/,旧 articles/*.html から移行,第一種衛生管理者・試験直前1週間の対策【最終確認リスト】について試験前に整理したい,公式情報を確認する;関連用語と過去問で定着する,試験要項・公式情報の改定時に見直す,2026-05-19,2026-08-18,2026-05-19,published,migrate_import_data.py で移行,この記事でわかること,"本記事は、第一種衛生管理者試験の受験生向けに「第一種衛生管理者・試験直前1週間の対策」を整理したガイドです（ジャンル：直前・当日）。

直前1週間は学習量を絞り、記憶の定着と本番コンディションを整える期間です。新規の広い範囲のインプットは最小限にし、間違いノートと頻出数値に集中しましょう。

現場の衛生管理者・受験生の双方に役立つよう、第一種衛生管理者試験の出題傾向と学習の進め方をあわせて整理しています。

現場の衛生管理者・受験生の双方に役立つよう、第一種衛生管理者試験の出題傾向と学習の進め方をあわせて整理しています。

数値・期限・公式情報は年度で変わることがあるため、受験前には必ず試験実施団体の最新案内も確認してください。",最終確認リスト,"受験票・身分証・筆記用具、会場・交通、体調管理を前日までに確認します。

学習面では、数値カード・ひっかけリスト・自分の誤りパターン（数値違い／主体違い／期限違い）だけを見直します。",試験当日の時間配分,"44問を120分で解くため、1問あたり約2.5分が目安です。

見つからない問題は印をつけて後回しにし、最後の10分で見直しとマーク漏れチェックを行います。",過去問・用語解説のつなげ方,"「第一種衛生管理者・試験直前1週間の対策」のテーマは、過去問で「正しい説明に似せた誤り」として繰り返し出題されます。

一衛マスターで該当分野の問題を解いたあと、間違えた選択肢のキーワードで用語解説一覧を検索し、定義・数値・主体の違いを1行メモにまとめてください。

同じミスを3回以上繰り返す場合は、分野別の試験ガイド記事に戻り、表やチェックリストで整理し直すと改善が早いです。",学習チェックリスト,□ 公式の試験要項で最新の範囲・日程を確認した;□ 本記事の要点を読み、関連する用語解説を2語以上読んだ;□ 同テーマの過去問を5問以上解き、誤りの理由をメモした;□ 数値・期限・主体の入れ替えに弱い場合は、カードに書き直した;□ 直前・当日の記事をもう1本読み、学習の抜け道がないか確認した,受験生がつまずきやすい点,"【専門家の視点】直前対策は、新しい知識の追加より「既に学んだ論点の精度向上」に時間を使う段階です。

間違いパターンの分類と、数値カードの見直しが最も投資対効果が高くなります。",,,第一種衛生管理者・試験直前1週間の対策は独学でも十分に対策できますか？,"はい。過去問演習・用語解説・計画的な復習があれば独学でも合格は十分可能です。

本記事の要点を押さえたうえで、一衛マスターの過去問・一問一答でアウトプットを重ねてください。",第一種衛生管理者・試験直前1週間の対策の学習で最優先すべきことは何ですか？,"公式の試験要項で範囲を固定し、過去問で現在地を把握したあと、間違えた論点を用語解説で補強する流れが最優先です。

教材を増やすより、同じ過去問を質の高い復習で回す方が得点につながります。",shiken-tojitsu-mochimono:当日の持ち物;chokuzen-1kagetsu:直前1ヶ月,公式情報はどこで確認すればよいですか？,"安全衛生技術試験協会（https://www.exam.or.jp/）および厚生労働省の労働安全衛生関連ページで、試験日程・受験資格・合格基準の最新版を確認してください。

本記事は学習用の整理であり、制度改正時は必ず原文・公式案内を優先してください。",この記事のあとに何を学習するとよいですか？,"関連する試験ガイドと用語解説を1〜2本読み、続けて同テーマの過去問を解いて定着させてください。

誤りの理由までメモできる状態が、本番での安定につながります。"
dokugaku-guide,独学対策,第一種衛生管理者の独学合格ガイド【過去問・一問一答・直前対策の進め方】,第一種衛生管理者に独学で合格するための学習順序、過去問の使い方、一問一答の活用法、直前対策を解説します。,"第一種衛生管理者は、独学でも合格を狙える試験です。ただし、範囲を最初から完璧に覚えようとすると時間がかかります。過去問で出題の型をつかみ、頻出論点を優先する進め方が効率的です。

現場の衛生管理者・受験生の双方に役立つよう、第一種衛生管理者試験の出題傾向と学習の進め方をあわせて整理しています。

現場の衛生管理者・受験生の双方に役立つよう、第一種衛生管理者試験の出題傾向と学習の進め方をあわせて整理しています。

現場の衛生管理者・受験生の双方に役立つよう、第一種衛生管理者試験の出題傾向と学習の進め方をあわせて整理しています。",60,第一種衛生管理者;試験ガイド,一衛マスター編集部,第一種衛生管理者試験の学習コンテンツを整理する編集チーム,一衛マスター確認担当,公開前に公式情報と内部リンクを確認,2026-05-14,安全衛生技術試験協会（公式）|https://www.exam.or.jp/,旧 articles/*.html から移行,第一種衛生管理者の独学合格ガイド【過去問・一問一答・直前対策の進め方】について試験前に整理したい,公式情報を確認する;関連用語と過去問で定着する,試験要項・公式情報の改定時に見直す,2026-05-14,2026-08-18,2026-05-14,published,migrate_import_data.py で移行,この記事でわかること,"本記事は、第一種衛生管理者試験の受験生向けに「第一種衛生管理者の独学合格ガイド」を整理したガイドです（ジャンル：独学対策）。

第一種衛生管理者は、独学でも合格を狙える試験です。ただし、範囲を最初から完璧に覚えようとすると時間がかかります。過去問で出題の型をつかみ、頻出論点を優先する進め方が効率的です。

現場の衛生管理者・受験生の双方に役立つよう、第一種衛生管理者試験の出題傾向と学習の進め方をあわせて整理しています。

現場の衛生管理者・受験生の双方に役立つよう、第一種衛生管理者試験の出題傾向と学習の進め方をあわせて整理しています。

数値・期限・公式情報は年度で変わることがあるため、受験前には必ず試験実施団体の最新案内も確認してください。",独学合格の3本柱,①公式情報で試験範囲を固定する、②過去問を複数周する、③用語と数値をセットで覚える、の3つが独学の軸です。通信講座なしでも合格例は多く、演習量と復習の質が分かれ目になります。,一衛マスターの使い方,"過去問で間違えた論点から用語解説へ飛び、定義と数値を確認してから再度演習する流れが効率的です。

一問一答は移動中の短時間復習に、実践演習は本番前の総合力チェックに向いています。",過去問・用語解説のつなげ方,"「第一種衛生管理者の独学合格ガイド」のテーマは、過去問で「正しい説明に似せた誤り」として繰り返し出題されます。

一衛マスターで該当分野の問題を解いたあと、間違えた選択肢のキーワードで用語解説一覧を検索し、定義・数値・主体の違いを1行メモにまとめてください。

同じミスを3回以上繰り返す場合は、分野別の試験ガイド記事に戻り、表やチェックリストで整理し直すと改善が早いです。",学習チェックリスト,□ 公式の試験要項で最新の範囲・日程を確認した;□ 本記事の要点を読み、関連する用語解説を2語以上読んだ;□ 同テーマの過去問を5問以上解き、誤りの理由をメモした;□ 数値・期限・主体の入れ替えに弱い場合は、カードに書き直した;□ 独学対策の記事をもう1本読み、学習の抜け道がないか確認した,受験生がつまずきやすい点,"【専門家の視点】独学では「演習量」と「誤りの分析」の質が成果を分けます。

テキストを何度読んでも、過去問で誤った選択肢の理由を言語化できなければ本番で同じミスを繰り返しやすくなります。",,,第一種衛生管理者の独学合格ガイドは独学でも十分に対策できますか？,"はい。過去問演習・用語解説・計画的な復習があれば独学でも合格は十分可能です。

本記事の要点を押さえたうえで、一衛マスターの過去問・一問一答でアウトプットを重ねてください。",第一種衛生管理者の独学合格ガイドの学習で最優先すべきことは何ですか？,"公式の試験要項で範囲を固定し、過去問で現在地を把握したあと、間違えた論点を用語解説で補強する流れが最優先です。

教材を増やすより、同じ過去問を質の高い復習で回す方が得点につながります。",benkyou-jikan:勉強時間;kakomon-kakaikata:過去問;ichimon-ittou-guide:一問一答;affiliate-online-course-compare:オンライン講座比較,公式情報はどこで確認すればよいですか？,"安全衛生技術試験協会（https://www.exam.or.jp/）および厚生労働省の労働安全衛生関連ページで、試験日程・受験資格・合格基準の最新版を確認してください。

本記事は学習用の整理であり、制度改正時は必ず原文・公式案内を優先してください。",この記事のあとに何を学習するとよいですか？,"関連する試験ガイドと用語解説を1〜2本読み、続けて同テーマの過去問を解いて定着させてください。

誤りの理由までメモできる状態が、本番での安定につながります。"
eisei-kanrisha-gyoumu,試験概要,衛生管理者の仕事内容とは【試験合格後に担う役割】,第一種衛生管理者として選任された後の主な業務、産業医・安全管理者との役割分担、試験で学ぶ内容との関係を解説します。,"衛生管理者は、職場の労働者の健康を守るため、労働衛生に関する管理・指導を行う役割です。試験で学ぶ法令・衛生・生理の知識は、こうした実務の土台になります。

現場の衛生管理者・受験生の双方に役立つよう、第一種衛生管理者試験の出題傾向と学習の進め方をあわせて整理しています。

現場の衛生管理者・受験生の双方に役立つよう、第一種衛生管理者試験の出題傾向と学習の進め方をあわせて整理しています。

現場の衛生管理者・受験生の双方に役立つよう、第一種衛生管理者試験の出題傾向と学習の進め方をあわせて整理しています。",70,第一種衛生管理者;試験ガイド,一衛マスター編集部,第一種衛生管理者試験の学習コンテンツを整理する編集チーム,一衛マスター確認担当,公開前に公式情報と内部リンクを確認,2026-05-19,安全衛生技術試験協会（公式）|https://www.exam.or.jp/,旧 articles/*.html から移行,衛生管理者の仕事内容とは【試験合格後に担う役割】について試験前に整理したい,公式情報を確認する;関連用語と過去問で定着する,試験要項・公式情報の改定時に見直す,2026-05-19,2026-08-18,2026-05-19,published,migrate_import_data.py で移行,この記事でわかること,"本記事は、第一種衛生管理者試験の受験生向けに「衛生管理者の仕事内容とは」を整理したガイドです（ジャンル：試験概要）。

衛生管理者は、職場の労働者の健康を守るため、労働衛生に関する管理・指導を行う役割です。試験で学ぶ法令・衛生・生理の知識は、こうした実務の土台になります。

現場の衛生管理者・受験生の双方に役立つよう、第一種衛生管理者試験の出題傾向と学習の進め方をあわせて整理しています。

現場の衛生管理者・受験生の双方に役立つよう、第一種衛生管理者試験の出題傾向と学習の進め方をあわせて整理しています。

数値・期限・公式情報は年度で変わることがあるため、受験前には必ず試験実施団体の最新案内も確認してください。",合格後の役割,衛生管理者は、作業環境の改善、健康診断の実施、教育、ストレスチェック、化学物質管理など、幅広い業務に関与します。試験範囲は法令・衛生・生理ですが、現場では調整力と記録管理も重要です。,第一種だからできること,"有害業務を含む事業場でも衛生管理者として選任できる点が、第二種との大きな違いです。

選任届・体制整備・委員会運営まで含めた「守り」の仕事として理解しておくと、勉強の動機づけにもなります。",過去問・用語解説のつなげ方,"「衛生管理者の仕事内容とは」のテーマは、過去問で「正しい説明に似せた誤り」として繰り返し出題されます。

一衛マスターで該当分野の問題を解いたあと、間違えた選択肢のキーワードで用語解説一覧を検索し、定義・数値・主体の違いを1行メモにまとめてください。

同じミスを3回以上繰り返す場合は、分野別の試験ガイド記事に戻り、表やチェックリストで整理し直すと改善が早いです。",学習チェックリスト,□ 公式の試験要項で最新の範囲・日程を確認した;□ 本記事の要点を読み、関連する用語解説を2語以上読んだ;□ 同テーマの過去問を5問以上解き、誤りの理由をメモした;□ 数値・期限・主体の入れ替えに弱い場合は、カードに書き直した;□ 試験概要の記事をもう1本読み、学習の抜け道がないか確認した,受験生がつまずきやすい点,"【専門家の視点】試験制度の理解は、学習の土台です。

受験資格・合格基準・申込手続の誤解は、勉強開始前に必ず解消してください。公式の試験要項が最優先の情報源です。",,,衛生管理者の仕事内容とはは独学でも十分に対策できますか？,"はい。過去問演習・用語解説・計画的な復習があれば独学でも合格は十分可能です。

本記事の要点を押さえたうえで、一衛マスターの過去問・一問一答でアウトプットを重ねてください。",衛生管理者の仕事内容とはの学習で最優先すべきことは何ですか？,"公式の試験要項で範囲を固定し、過去問で現在地を把握したあと、間違えた論点を用語解説で補強する流れが最優先です。

教材を増やすより、同じ過去問を質の高い復習で回す方が得点につながります。",goukaku-go-tetsuzuki:合格後の手続;anzen-eisei-taisei:安全衛生管理体制,公式情報はどこで確認すればよいですか？,"安全衛生技術試験協会（https://www.exam.or.jp/）および厚生労働省の労働安全衛生関連ページで、試験日程・受験資格・合格基準の最新版を確認してください。

本記事は学習用の整理であり、制度改正時は必ず原文・公式案内を優先してください。",この記事のあとに何を学習するとよいですか？,"関連する試験ガイドと用語解説を1〜2本読み、続けて同テーマの過去問を解いて定着させてください。

誤りの理由までメモできる状態が、本番での安定につながります。"
funjin-sokutei-matome,分野別対策,第一種衛生管理者・粉じんと作業環境測定【頻出論点の整理】,粉じん障害防止規則・作業環境測定・管理区分など、粉じん関連の試験対策をまとめます。,"粉じんは第一種で特に重要なテーマの一つです。じん肺・管理区分・測定頻度・健康診断との関係を横断的に整理しましょう。

現場の衛生管理者・受験生の双方に役立つよう、第一種衛生管理者試験の出題傾向と学習の進め方をあわせて整理しています。

現場の衛生管理者・受験生の双方に役立つよう、第一種衛生管理者試験の出題傾向と学習の進め方をあわせて整理しています。

現場の衛生管理者・受験生の双方に役立つよう、第一種衛生管理者試験の出題傾向と学習の進め方をあわせて整理しています。",80,第一種衛生管理者;試験ガイド,一衛マスター編集部,第一種衛生管理者試験の学習コンテンツを整理する編集チーム,一衛マスター確認担当,公開前に公式情報と内部リンクを確認,2026-05-19,安全衛生技術試験協会（公式）|https://www.exam.or.jp/,旧 articles/*.html から移行,第一種衛生管理者・粉じんと作業環境測定【頻出論点の整理】について試験前に整理したい,公式情報を確認する;関連用語と過去問で定着する,試験要項・公式情報の改定時に見直す,2026-05-19,2026-08-18,2026-05-19,published,migrate_import_data.py で移行,この記事でわかること,"本記事は、第一種衛生管理者試験の受験生向けに「第一種衛生管理者・粉じんと作業環境測定」を整理したガイドです（ジャンル：分野別対策）。

粉じんは第一種で特に重要なテーマの一つです。じん肺・管理区分・測定頻度・健康診断との関係を横断的に整理しましょう。

現場の衛生管理者・受験生の双方に役立つよう、第一種衛生管理者試験の出題傾向と学習の進め方をあわせて整理しています。

現場の衛生管理者・受験生の双方に役立つよう、第一種衛生管理者試験の出題傾向と学習の進め方をあわせて整理しています。

数値・期限・公式情報は年度で変わることがあるため、受験前には必ず試験実施団体の最新案内も確認してください。",粉じんと作業環境測定の要点,"粉じん障害防止規則と作業環境測定の関係、管理区分（第1〜3）、測定頻度、改善計画・再測定の流れがセットで出題されます。

濃度の数値だけでなく、測定対象・評価方法・記録保存も表にまとめてください。",試験のひっかけ,"「測定すれば義務は果たした」「第3区分なら対策不要」など、一要素だけ正しい説明は要注意です。

局所排気・保護具・健康診断との組み合わせで正しい選択肢を選ぶ練習をしてください。",過去問・用語解説のつなげ方,"「第一種衛生管理者・粉じんと作業環境測定」のテーマは、過去問で「正しい説明に似せた誤り」として繰り返し出題されます。

一衛マスターで該当分野の問題を解いたあと、間違えた選択肢のキーワードで用語解説一覧を検索し、定義・数値・主体の違いを1行メモにまとめてください。

同じミスを3回以上繰り返す場合は、分野別の試験ガイド記事に戻り、表やチェックリストで整理し直すと改善が早いです。",学習チェックリスト,□ 公式の試験要項で最新の範囲・日程を確認した;□ 本記事の要点を読み、関連する用語解説を2語以上読んだ;□ 同テーマの過去問を5問以上解き、誤りの理由をメモした;□ 数値・期限・主体の入れ替えに弱い場合は、カードに書き直した;□ 分野別対策の記事をもう1本読み、学習の抜け道がないか確認した,受験生がつまずきやすい点,"【専門家の視点】分野別記事は、過去問で「関連する複数制度」を同時に問う形式に備えるためのものです。

単一の用語暗記ではなく、選任・測定・健診・教育のどれが抜けているかを見抜く力が合格ラインになります。",,,第一種衛生管理者・粉じんと作業環境測定は独学でも十分に対策できますか？,"はい。過去問演習・用語解説・計画的な復習があれば独学でも合格は十分可能です。

本記事の要点を押さえたうえで、一衛マスターの過去問・一問一答でアウトプットを重ねてください。",第一種衛生管理者・粉じんと作業環境測定の学習で最優先すべきことは何ですか？,"公式の試験要項で範囲を固定し、過去問で現在地を把握したあと、間違えた論点を用語解説で補強する流れが最優先です。

教材を増やすより、同じ過去問を質の高い復習で回す方が得点につながります。",rodoeisei-benkyou:労働衛生;yuugai-gyoumu-matome:有害業務,公式情報はどこで確認すればよいですか？,"安全衛生技術試験協会（https://www.exam.or.jp/）および厚生労働省の労働安全衛生関連ページで、試験日程・受験資格・合格基準の最新版を確認してください。

本記事は学習用の整理であり、制度改正時は必ず原文・公式案内を優先してください。",この記事のあとに何を学習するとよいですか？,"関連する試験ガイドと用語解説を1〜2本読み、続けて同テーマの過去問を解いて定着させてください。

誤りの理由までメモできる状態が、本番での安定につながります。"
goukaku-go-tetsuzuki,受験・申込,第一種衛生管理者・合格後の手続きと業務【選任・届出の流れ】,第一種衛生管理者試験合格後の手続き、衛生管理者選任・届出、職場での業務開始までの流れを解説します。,"試験合格はゴールではなく、衛生管理者として選任されるための資格取得です。合格証明の手続き、事業場での選任・届出は、試験協会・都道府県労働局・事業者の手続きに従います（詳細は公式情報で確認）。

現場の衛生管理者・受験生の双方に役立つよう、第一種衛生管理者試験の出題傾向と学習の進め方をあわせて整理しています。

現場の衛生管理者・受験生の双方に役立つよう、第一種衛生管理者試験の出題傾向と学習の進め方をあわせて整理しています。

現場の衛生管理者・受験生の双方に役立つよう、第一種衛生管理者試験の出題傾向と学習の進め方をあわせて整理しています。",90,第一種衛生管理者;試験ガイド,一衛マスター編集部,第一種衛生管理者試験の学習コンテンツを整理する編集チーム,一衛マスター確認担当,公開前に公式情報と内部リンクを確認,2026-05-19,安全衛生技術試験協会（公式）|https://www.exam.or.jp/,旧 articles/*.html から移行,第一種衛生管理者・合格後の手続きと業務【選任・届出の流れ】について試験前に整理したい,公式情報を確認する;関連用語と過去問で定着する,試験要項・公式情報の改定時に見直す,2026-05-19,2026-08-18,2026-05-19,published,migrate_import_data.py で移行,この記事でわかること,"本記事は、第一種衛生管理者試験の受験生向けに「第一種衛生管理者・合格後の手続きと業務」を整理したガイドです（ジャンル：受験・申込）。

試験合格はゴールではなく、衛生管理者として選任されるための資格取得です。合格証明の手続き、事業場での選任・届出は、試験協会・都道府県労働局・事業者の手続きに従います（詳細は公式情報で確認）。

現場の衛生管理者・受験生の双方に役立つよう、第一種衛生管理者試験の出題傾向と学習の進め方をあわせて整理しています。

現場の衛生管理者・受験生の双方に役立つよう、第一種衛生管理者試験の出題傾向と学習の進め方をあわせて整理しています。

数値・期限・公式情報は年度で変わることがあるため、受験前には必ず試験実施団体の最新案内も確認してください。",合格後の流れ,"合格通知後、衛生管理者選任届の提出、事業者への報告、体制図の更新、安全衛生委員会での共有などが実務のスタートです。

試験では手続の細部より、選任の主体と届出先が問われることが多いです。",過去問・用語解説のつなげ方,"「第一種衛生管理者・合格後の手続きと業務」のテーマは、過去問で「正しい説明に似せた誤り」として繰り返し出題されます。

一衛マスターで該当分野の問題を解いたあと、間違えた選択肢のキーワードで用語解説一覧を検索し、定義・数値・主体の違いを1行メモにまとめてください。

同じミスを3回以上繰り返す場合は、分野別の試験ガイド記事に戻り、表やチェックリストで整理し直すと改善が早いです。",学習チェックリスト,□ 公式の試験要項で最新の範囲・日程を確認した;□ 本記事の要点を読み、関連する用語解説を2語以上読んだ;□ 同テーマの過去問を5問以上解き、誤りの理由をメモした;□ 数値・期限・主体の入れ替えに弱い場合は、カードに書き直した;□ 受験・申込の記事をもう1本読み、学習の抜け道がないか確認した,受験生がつまずきやすい点,"【専門家の視点】試験制度の理解は、学習の土台です。

受験資格・合格基準・申込手続の誤解は、勉強開始前に必ず解消してください。公式の試験要項が最優先の情報源です。",,,,,第一種衛生管理者・合格後の手続きと業務は独学でも十分に対策できますか？,"はい。過去問演習・用語解説・計画的な復習があれば独学でも合格は十分可能です。

本記事の要点を押さえたうえで、一衛マスターの過去問・一問一答でアウトプットを重ねてください。",第一種衛生管理者・合格後の手続きと業務の学習で最優先すべきことは何ですか？,"公式の試験要項で範囲を固定し、過去問で現在地を把握したあと、間違えた論点を用語解説で補強する流れが最優先です。

教材を増やすより、同じ過去問を質の高い復習で回す方が得点につながります。",eisei-kanrisha-gyoumu:衛生管理者の仕事;juken-shikaku:受験資格,公式情報はどこで確認すればよいですか？,"安全衛生技術試験協会（https://www.exam.or.jp/）および厚生労働省の労働安全衛生関連ページで、試験日程・受験資格・合格基準の最新版を確認してください。

本記事は学習用の整理であり、制度改正時は必ず原文・公式案内を優先してください。",この記事のあとに何を学習するとよいですか？,"関連する試験ガイドと用語解説を1〜2本読み、続けて同テーマの過去問を解いて定着させてください。

誤りの理由までメモできる状態が、本番での安定につながります。"
goukaku-kijun,試験概要,第一種衛生管理者の合格点・合格基準【44問中何問で合格？科目別の足切りを解説】,第一種衛生管理者試験の合格基準、総得点60%以上、科目別40%以上の考え方、44問中の目安正答数を解説します。,"第一種衛生管理者試験は、単に合計点が高ければよい試験ではありません。総得点に加えて、科目ごとの最低ラインも意識する必要があります。

現場の衛生管理者・受験生の双方に役立つよう、第一種衛生管理者試験の出題傾向と学習の進め方をあわせて整理しています。

現場の衛生管理者・受験生の双方に役立つよう、第一種衛生管理者試験の出題傾向と学習の進め方をあわせて整理しています。

現場の衛生管理者・受験生の双方に役立つよう、第一種衛生管理者試験の出題傾向と学習の進め方をあわせて整理しています。",100,第一種衛生管理者;試験ガイド,一衛マスター編集部,第一種衛生管理者試験の学習コンテンツを整理する編集チーム,一衛マスター確認担当,公開前に公式情報と内部リンクを確認,2026-05-14,安全衛生技術試験協会（公式）|https://www.exam.or.jp/,旧 articles/*.html から移行,第一種衛生管理者の合格点・合格基準【44問中何問で合格？科目別の足切りを解説】について試験前に整理したい,公式情報を確認する;関連用語と過去問で定着する,試験要項・公式情報の改定時に見直す,2026-05-14,2026-08-18,2026-05-14,published,migrate_import_data.py で移行,この記事でわかること,"本記事は、第一種衛生管理者試験の受験生向けに「第一種衛生管理者の合格点・合格基準」を整理したガイドです（ジャンル：試験概要）。

第一種衛生管理者試験は、単に合計点が高ければよい試験ではありません。総得点に加えて、科目ごとの最低ラインも意識する必要があります。

現場の衛生管理者・受験生の双方に役立つよう、第一種衛生管理者試験の出題傾向と学習の進め方をあわせて整理しています。

現場の衛生管理者・受験生の双方に役立つよう、第一種衛生管理者試験の出題傾向と学習の進め方をあわせて整理しています。

数値・期限・公式情報は年度で変わることがあるため、受験前には必ず試験実施団体の最新案内も確認してください。",合格基準の整理,"科目ごとに合格ラインがあり、総合点だけでなく足切りに注意が必要です。

最新の合格発表・基準は必ず公式の試験結果資料で確認してください（年度で表記が変わることがあります）。",得点戦略,"満点を狙うより、苦手科目の足切り回避と得意科目での得点確保が現実的です。

過去問で科目別の正答率を把握し、直前は苦手科目に短時間でも触れるスケジュールを残します。",過去問・用語解説のつなげ方,"「第一種衛生管理者の合格点・合格基準」のテーマは、過去問で「正しい説明に似せた誤り」として繰り返し出題されます。

一衛マスターで該当分野の問題を解いたあと、間違えた選択肢のキーワードで用語解説一覧を検索し、定義・数値・主体の違いを1行メモにまとめてください。

同じミスを3回以上繰り返す場合は、分野別の試験ガイド記事に戻り、表やチェックリストで整理し直すと改善が早いです。",学習チェックリスト,□ 公式の試験要項で最新の範囲・日程を確認した;□ 本記事の要点を読み、関連する用語解説を2語以上読んだ;□ 同テーマの過去問を5問以上解き、誤りの理由をメモした;□ 数値・期限・主体の入れ替えに弱い場合は、カードに書き直した;□ 試験概要の記事をもう1本読み、学習の抜け道がないか確認した,受験生がつまずきやすい点,"【専門家の視点】試験制度の理解は、学習の土台です。

受験資格・合格基準・申込手続の誤解は、勉強開始前に必ず解消してください。公式の試験要項が最優先の情報源です。",,,第一種衛生管理者の合格点・合格基準は独学でも十分に対策できますか？,"はい。過去問演習・用語解説・計画的な復習があれば独学でも合格は十分可能です。

本記事の要点を押さえたうえで、一衛マスターの過去問・一問一答でアウトプットを重ねてください。",第一種衛生管理者の合格点・合格基準の学習で最優先すべきことは何ですか？,"公式の試験要項で範囲を固定し、過去問で現在地を把握したあと、間違えた論点を用語解説で補強する流れが最優先です。

教材を増やすより、同じ過去問を質の高い復習で回す方が得点につながります。",shiken-kamoku:試験科目;goukakuritsu:合格率;shiken-guide:試験ガイド,公式情報はどこで確認すればよいですか？,"安全衛生技術試験協会（https://www.exam.or.jp/）および厚生労働省の労働安全衛生関連ページで、試験日程・受験資格・合格基準の最新版を確認してください。

本記事は学習用の整理であり、制度改正時は必ず原文・公式案内を優先してください。",この記事のあとに何を学習するとよいですか？,"関連する試験ガイドと用語解説を1〜2本読み、続けて同テーマの過去問を解いて定着させてください。

誤りの理由までメモできる状態が、本番での安定につながります。"
goukakuritsu,試験概要,第一種衛生管理者の合格率・難易度【合格率だけで判断しない試験の実態】,第一種衛生管理者の合格率と難易度を解説。第二種との違い、合格率だけではわからない注意点、合格に必要な対策を整理します。,"第一種衛生管理者の合格率は、年度や受験者層によって変動します。一般には半数前後が合格する試験として紹介されることが多いですが、合格率だけで簡単な試験と判断するのは危険です。

現場の衛生管理者・受験生の双方に役立つよう、第一種衛生管理者試験の出題傾向と学習の進め方をあわせて整理しています。

現場の衛生管理者・受験生の双方に役立つよう、第一種衛生管理者試験の出題傾向と学習の進め方をあわせて整理しています。

現場の衛生管理者・受験生の双方に役立つよう、第一種衛生管理者試験の出題傾向と学習の進め方をあわせて整理しています。",110,第一種衛生管理者;試験ガイド,一衛マスター編集部,第一種衛生管理者試験の学習コンテンツを整理する編集チーム,一衛マスター確認担当,公開前に公式情報と内部リンクを確認,2026-05-14,安全衛生技術試験協会（公式）|https://www.exam.or.jp/,旧 articles/*.html から移行,第一種衛生管理者の合格率・難易度【合格率だけで判断しない試験の実態】について試験前に整理したい,公式情報を確認する;関連用語と過去問で定着する,試験要項・公式情報の改定時に見直す,2026-05-14,2026-08-18,2026-05-14,published,migrate_import_data.py で移行,この記事でわかること,"本記事は、第一種衛生管理者試験の受験生向けに「第一種衛生管理者の合格率・難易度」を整理したガイドです（ジャンル：試験概要）。

第一種衛生管理者の合格率は、年度や受験者層によって変動します。一般には半数前後が合格する試験として紹介されることが多いですが、合格率だけで簡単な試験と判断するのは危険です。

現場の衛生管理者・受験生の双方に役立つよう、第一種衛生管理者試験の出題傾向と学習の進め方をあわせて整理しています。

現場の衛生管理者・受験生の双方に役立つよう、第一種衛生管理者試験の出題傾向と学習の進め方をあわせて整理しています。

数値・期限・公式情報は年度で変わることがあるため、受験前には必ず試験実施団体の最新案内も確認してください。",合格率の見方,"合格率だけで難易度を判断しないことが重要です。受験者の構成（再受験者比率、実務経験の有無）によって数字の意味は変わります。

「自分に必要な勉強時間」を、合格率より過去問の正答率で測る方が実践的です。",過去問・用語解説のつなげ方,"「第一種衛生管理者の合格率・難易度」のテーマは、過去問で「正しい説明に似せた誤り」として繰り返し出題されます。

一衛マスターで該当分野の問題を解いたあと、間違えた選択肢のキーワードで用語解説一覧を検索し、定義・数値・主体の違いを1行メモにまとめてください。

同じミスを3回以上繰り返す場合は、分野別の試験ガイド記事に戻り、表やチェックリストで整理し直すと改善が早いです。",学習チェックリスト,□ 公式の試験要項で最新の範囲・日程を確認した;□ 本記事の要点を読み、関連する用語解説を2語以上読んだ;□ 同テーマの過去問を5問以上解き、誤りの理由をメモした;□ 数値・期限・主体の入れ替えに弱い場合は、カードに書き直した;□ 試験概要の記事をもう1本読み、学習の抜け道がないか確認した,受験生がつまずきやすい点,"【専門家の視点】試験制度の理解は、学習の土台です。

受験資格・合格基準・申込手続の誤解は、勉強開始前に必ず解消してください。公式の試験要項が最優先の情報源です。",,,,,第一種衛生管理者の合格率・難易度は独学でも十分に対策できますか？,"はい。過去問演習・用語解説・計画的な復習があれば独学でも合格は十分可能です。

本記事の要点を押さえたうえで、一衛マスターの過去問・一問一答でアウトプットを重ねてください。",第一種衛生管理者の合格率・難易度の学習で最優先すべきことは何ですか？,"公式の試験要項で範囲を固定し、過去問で現在地を把握したあと、間違えた論点を用語解説で補強する流れが最優先です。

教材を増やすより、同じ過去問を質の高い復習で回す方が得点につながります。",goukaku-kijun:合格基準;shiken-guide:試験ガイド,公式情報はどこで確認すればよいですか？,"安全衛生技術試験協会（https://www.exam.or.jp/）および厚生労働省の労働安全衛生関連ページで、試験日程・受験資格・合格基準の最新版を確認してください。

本記事は学習用の整理であり、制度改正時は必ず原文・公式案内を優先してください。",この記事のあとに何を学習するとよいですか？,"関連する試験ガイドと用語解説を1〜2本読み、続けて同テーマの過去問を解いて定着させてください。

誤りの理由までメモできる状態が、本番での安定につながります。"
hoken-shi-juken,独学対策,保健師・看護師などから第一種衛生管理者を目指す【受験・勉強のコツ】,保健師・看護師・作業療法士など医療系資格者が第一種衛生管理者試験を受けるときの強み・弱点と勉強の進め方を解説します。,"医療系の資格・実務経験を持つ方は、労働衛生の実務経験要件や、衛生分野の理解で有利な面があります。一方、労働安全衛生法の数値・体制・個別法令は初見のことも多いです。

現場の衛生管理者・受験生の双方に役立つよう、第一種衛生管理者試験の出題傾向と学習の進め方をあわせて整理しています。

現場の衛生管理者・受験生の双方に役立つよう、第一種衛生管理者試験の出題傾向と学習の進め方をあわせて整理しています。

現場の衛生管理者・受験生の双方に役立つよう、第一種衛生管理者試験の出題傾向と学習の進め方をあわせて整理しています。",120,第一種衛生管理者;試験ガイド,一衛マスター編集部,第一種衛生管理者試験の学習コンテンツを整理する編集チーム,一衛マスター確認担当,公開前に公式情報と内部リンクを確認,2026-05-19,安全衛生技術試験協会（公式）|https://www.exam.or.jp/,旧 articles/*.html から移行,保健師・看護師などから第一種衛生管理者を目指す【受験・勉強のコツ】について試験前に整理したい,公式情報を確認する;関連用語と過去問で定着する,試験要項・公式情報の改定時に見直す,2026-05-19,2026-08-18,2026-05-19,published,migrate_import_data.py で移行,この記事でわかること,"本記事は、第一種衛生管理者試験の受験生向けに「保健師・看護師などから第一種衛生管理者を目指す」を整理したガイドです（ジャンル：独学対策）。

医療系の資格・実務経験を持つ方は、労働衛生の実務経験要件や、衛生分野の理解で有利な面があります。一方、労働安全衛生法の数値・体制・個別法令は初見のことも多いです。

現場の衛生管理者・受験生の双方に役立つよう、第一種衛生管理者試験の出題傾向と学習の進め方をあわせて整理しています。

現場の衛生管理者・受験生の双方に役立つよう、第一種衛生管理者試験の出題傾向と学習の進め方をあわせて整理しています。

数値・期限・公式情報は年度で変わることがあるため、受験前には必ず試験実施団体の最新案内も確認してください。",保健師・看護師受験生の強みと弱点,"健康診断・感染症・人間工学などは理解が早い一方、関係法令の数値・選任要件、化学物質・粉じんの法令体系は初見になりやすいです。

強み分野は短時間復習にし、法令・有害業務に学習時間を振ると効率がよいです。",過去問・用語解説のつなげ方,"「保健師・看護師などから第一種衛生管理者を目指す」のテーマは、過去問で「正しい説明に似せた誤り」として繰り返し出題されます。

一衛マスターで該当分野の問題を解いたあと、間違えた選択肢のキーワードで用語解説一覧を検索し、定義・数値・主体の違いを1行メモにまとめてください。

同じミスを3回以上繰り返す場合は、分野別の試験ガイド記事に戻り、表やチェックリストで整理し直すと改善が早いです。",学習チェックリスト,□ 公式の試験要項で最新の範囲・日程を確認した;□ 本記事の要点を読み、関連する用語解説を2語以上読んだ;□ 同テーマの過去問を5問以上解き、誤りの理由をメモした;□ 数値・期限・主体の入れ替えに弱い場合は、カードに書き直した;□ 独学対策の記事をもう1本読み、学習の抜け道がないか確認した,受験生がつまずきやすい点,"【専門家の視点】独学では「演習量」と「誤りの分析」の質が成果を分けます。

テキストを何度読んでも、過去問で誤った選択肢の理由を言語化できなければ本番で同じミスを繰り返しやすくなります。",,,,,保健師・看護師などから第一種衛生管理者を目指すは独学でも十分に対策できますか？,"はい。過去問演習・用語解説・計画的な復習があれば独学でも合格は十分可能です。

本記事の要点を押さえたうえで、一衛マスターの過去問・一問一答でアウトプットを重ねてください。",保健師・看護師などから第一種衛生管理者を目指すの学習で最優先すべきことは何ですか？,"公式の試験要項で範囲を固定し、過去問で現在地を把握したあと、間違えた論点を用語解説で補強する流れが最優先です。

教材を増やすより、同じ過去問を質の高い復習で回す方が得点につながります。",benkyou-jikan:勉強時間;kenko-shindan-guide:健康診断,公式情報はどこで確認すればよいですか？,"安全衛生技術試験協会（https://www.exam.or.jp/）および厚生労働省の労働安全衛生関連ページで、試験日程・受験資格・合格基準の最新版を確認してください。

本記事は学習用の整理であり、制度改正時は必ず原文・公式案内を優先してください。",この記事のあとに何を学習するとよいですか？,"関連する試験ガイドと用語解説を1〜2本読み、続けて同テーマの過去問を解いて定着させてください。

誤りの理由までメモできる状態が、本番での安定につながります。"
horei-kaisei-benkyou,独学対策,第一種衛生管理者・法令改正の追い方【最新版テキストの見方】,労働安全衛生関係法令の改正を試験対策に反映する方法、テキスト選び・過去問との関係を解説します。,"法令は改正されます。試験は受験する回の時点で有効な法令に基づいて出題されます。古いテキストや古い過去問解説だけに頼ると誤答の原因になります。

現場の衛生管理者・受験生の双方に役立つよう、第一種衛生管理者試験の出題傾向と学習の進め方をあわせて整理しています。

現場の衛生管理者・受験生の双方に役立つよう、第一種衛生管理者試験の出題傾向と学習の進め方をあわせて整理しています。

現場の衛生管理者・受験生の双方に役立つよう、第一種衛生管理者試験の出題傾向と学習の進め方をあわせて整理しています。",130,第一種衛生管理者;試験ガイド,一衛マスター編集部,第一種衛生管理者試験の学習コンテンツを整理する編集チーム,一衛マスター確認担当,公開前に公式情報と内部リンクを確認,2026-05-19,安全衛生技術試験協会（公式）|https://www.exam.or.jp/,旧 articles/*.html から移行,第一種衛生管理者・法令改正の追い方【最新版テキストの見方】について試験前に整理したい,公式情報を確認する;関連用語と過去問で定着する,試験要項・公式情報の改定時に見直す,2026-05-19,2026-08-18,2026-05-19,published,migrate_import_data.py で移行,この記事でわかること,"本記事は、第一種衛生管理者試験の受験生向けに「第一種衛生管理者・法令改正の追い方」を整理したガイドです（ジャンル：独学対策）。

法令は改正されます。試験は受験する回の時点で有効な法令に基づいて出題されます。古いテキストや古い過去問解説だけに頼ると誤答の原因になります。

現場の衛生管理者・受験生の双方に役立つよう、第一種衛生管理者試験の出題傾向と学習の進め方をあわせて整理しています。

現場の衛生管理者・受験生の双方に役立つよう、第一種衛生管理者試験の出題傾向と学習の進め方をあわせて整理しています。

数値・期限・公式情報は年度で変わることがあるため、受験前には必ず試験実施団体の最新案内も確認してください。",法令改正の追い方,"試験要項・公式テキストの版を必ず確認し、改正条文は「数値・主体・期限」の差分だけをメモします。

SNSの情報は参考程度にし、最終確認はe-Gov法令検索と厚生労働省のページで行ってください。",過去問・用語解説のつなげ方,"「第一種衛生管理者・法令改正の追い方」のテーマは、過去問で「正しい説明に似せた誤り」として繰り返し出題されます。

一衛マスターで該当分野の問題を解いたあと、間違えた選択肢のキーワードで用語解説一覧を検索し、定義・数値・主体の違いを1行メモにまとめてください。

同じミスを3回以上繰り返す場合は、分野別の試験ガイド記事に戻り、表やチェックリストで整理し直すと改善が早いです。",学習チェックリスト,□ 公式の試験要項で最新の範囲・日程を確認した;□ 本記事の要点を読み、関連する用語解説を2語以上読んだ;□ 同テーマの過去問を5問以上解き、誤りの理由をメモした;□ 数値・期限・主体の入れ替えに弱い場合は、カードに書き直した;□ 独学対策の記事をもう1本読み、学習の抜け道がないか確認した,受験生がつまずきやすい点,"【専門家の視点】独学では「演習量」と「誤りの分析」の質が成果を分けます。

テキストを何度読んでも、過去問で誤った選択肢の理由を言語化できなければ本番で同じミスを繰り返しやすくなります。",,,,,第一種衛生管理者・法令改正の追い方は独学でも十分に対策できますか？,"はい。過去問演習・用語解説・計画的な復習があれば独学でも合格は十分可能です。

本記事の要点を押さえたうえで、一衛マスターの過去問・一問一答でアウトプットを重ねてください。",第一種衛生管理者・法令改正の追い方の学習で最優先すべきことは何ですか？,"公式の試験要項で範囲を固定し、過去問で現在地を把握したあと、間違えた論点を用語解説で補強する流れが最優先です。

教材を増やすより、同じ過去問を質の高い復習で回す方が得点につながります。",kankei-hourei-benkyou:関係法令;shiken-guide:試験ガイド,公式情報はどこで確認すればよいですか？,"安全衛生技術試験協会（https://www.exam.or.jp/）および厚生労働省の労働安全衛生関連ページで、試験日程・受験資格・合格基準の最新版を確認してください。

本記事は学習用の整理であり、制度改正時は必ず原文・公式案内を優先してください。",この記事のあとに何を学習するとよいですか？,"関連する試験ガイドと用語解説を1〜2本読み、続けて同テーマの過去問を解いて定着させてください。

誤りの理由までメモできる状態が、本番での安定につながります。"
ichimon-ittou-guide,独学対策,第一種衛生管理者・一問一答の使い方【暗記・数値・組合せ問題】,第一種衛生管理者試験で一問一答演習が向いている論点と、過去問との使い分け、反復の進め方を解説します。,"一問一答は、第一種衛生管理者試験の数値・期限・選任要件・物質と障害の組合せを定着させるのに向いています。過去問で「なぜ間違えたか」を理解したあとの反復に使うと効果的です。

現場の衛生管理者・受験生の双方に役立つよう、第一種衛生管理者試験の出題傾向と学習の進め方をあわせて整理しています。

現場の衛生管理者・受験生の双方に役立つよう、第一種衛生管理者試験の出題傾向と学習の進め方をあわせて整理しています。

現場の衛生管理者・受験生の双方に役立つよう、第一種衛生管理者試験の出題傾向と学習の進め方をあわせて整理しています。",140,第一種衛生管理者;試験ガイド,一衛マスター編集部,第一種衛生管理者試験の学習コンテンツを整理する編集チーム,一衛マスター確認担当,公開前に公式情報と内部リンクを確認,2026-05-19,安全衛生技術試験協会（公式）|https://www.exam.or.jp/,旧 articles/*.html から移行,第一種衛生管理者・一問一答の使い方【暗記・数値・組合せ問題】について試験前に整理したい,公式情報を確認する;関連用語と過去問で定着する,試験要項・公式情報の改定時に見直す,2026-05-19,2026-08-18,2026-05-19,published,migrate_import_data.py で移行,この記事でわかること,"本記事は、第一種衛生管理者試験の受験生向けに「第一種衛生管理者・一問一答の使い方」を整理したガイドです（ジャンル：独学対策）。

一問一答は、第一種衛生管理者試験の数値・期限・選任要件・物質と障害の組合せを定着させるのに向いています。過去問で「なぜ間違えたか」を理解したあとの反復に使うと効果的です。

現場の衛生管理者・受験生の双方に役立つよう、第一種衛生管理者試験の出題傾向と学習の進め方をあわせて整理しています。

現場の衛生管理者・受験生の双方に役立つよう、第一種衛生管理者試験の出題傾向と学習の進め方をあわせて整理しています。

数値・期限・公式情報は年度で変わることがあるため、受験前には必ず試験実施団体の最新案内も確認してください。",一問一答の使い所,"移動中の短時間で数値・定義を反復するのに向きます。

ただし一問一答だけでは「長文のひっかけ」に弱いため、過去問との併用が必須です。",効果的な回し方,"正解した問題も「なぜ他の選択肢が誤りか」を一言で言えるか確認します。

間違えた問題はタグ付け（法令／衛生／生理）し、週末に同タグの用語解説を読み返します。",過去問・用語解説のつなげ方,"「第一種衛生管理者・一問一答の使い方」のテーマは、過去問で「正しい説明に似せた誤り」として繰り返し出題されます。

一衛マスターで該当分野の問題を解いたあと、間違えた選択肢のキーワードで用語解説一覧を検索し、定義・数値・主体の違いを1行メモにまとめてください。

同じミスを3回以上繰り返す場合は、分野別の試験ガイド記事に戻り、表やチェックリストで整理し直すと改善が早いです。",学習チェックリスト,□ 公式の試験要項で最新の範囲・日程を確認した;□ 本記事の要点を読み、関連する用語解説を2語以上読んだ;□ 同テーマの過去問を5問以上解き、誤りの理由をメモした;□ 数値・期限・主体の入れ替えに弱い場合は、カードに書き直した;□ 独学対策の記事をもう1本読み、学習の抜け道がないか確認した,受験生がつまずきやすい点,"【専門家の視点】独学では「演習量」と「誤りの分析」の質が成果を分けます。

テキストを何度読んでも、過去問で誤った選択肢の理由を言語化できなければ本番で同じミスを繰り返しやすくなります。",,,第一種衛生管理者・一問一答の使い方は独学でも十分に対策できますか？,"はい。過去問演習・用語解説・計画的な復習があれば独学でも合格は十分可能です。

本記事の要点を押さえたうえで、一衛マスターの過去問・一問一答でアウトプットを重ねてください。",第一種衛生管理者・一問一答の使い方の学習で最優先すべきことは何ですか？,"公式の試験要項で範囲を固定し、過去問で現在地を把握したあと、間違えた論点を用語解説で補強する流れが最優先です。

教材を増やすより、同じ過去問を質の高い復習で回す方が得点につながります。",dokugaku-guide:独学;kakomon-kakaikata:過去問,公式情報はどこで確認すればよいですか？,"安全衛生技術試験協会（https://www.exam.or.jp/）および厚生労働省の労働安全衛生関連ページで、試験日程・受験資格・合格基準の最新版を確認してください。

本記事は学習用の整理であり、制度改正時は必ず原文・公式案内を優先してください。",この記事のあとに何を学習するとよいですか？,"関連する試験ガイドと用語解説を1〜2本読み、続けて同テーマの過去問を解いて定着させてください。

誤りの理由までメモできる状態が、本番での安定につながります。"
jisseki-shomeisho,受験・申込,第一種衛生管理者・実務経験証明【事業者証明書のポイント】,第一種衛生管理者試験の受験に必要な労働衛生の実務経験証明・事業者証明書の確認ポイントを解説します。,"受験資格の多くは、労働衛生に関する実務経験を事業者証明書等で証明することを求められます。申込み直前になって準備が間に合わないケースが多いため、早めに勤務先と調整しましょう。

現場の衛生管理者・受験生の双方に役立つよう、第一種衛生管理者試験の出題傾向と学習の進め方をあわせて整理しています。

現場の衛生管理者・受験生の双方に役立つよう、第一種衛生管理者試験の出題傾向と学習の進め方をあわせて整理しています。

現場の衛生管理者・受験生の双方に役立つよう、第一種衛生管理者試験の出題傾向と学習の進め方をあわせて整理しています。",150,第一種衛生管理者;試験ガイド,一衛マスター編集部,第一種衛生管理者試験の学習コンテンツを整理する編集チーム,一衛マスター確認担当,公開前に公式情報と内部リンクを確認,2026-05-19,安全衛生技術試験協会（公式）|https://www.exam.or.jp/,旧 articles/*.html から移行,第一種衛生管理者・実務経験証明【事業者証明書のポイント】について試験前に整理したい,公式情報を確認する;関連用語と過去問で定着する,試験要項・公式情報の改定時に見直す,2026-05-19,2026-08-18,2026-05-19,published,migrate_import_data.py で移行,この記事でわかること,"本記事は、第一種衛生管理者試験の受験生向けに「第一種衛生管理者・実務経験証明」を整理したガイドです（ジャンル：受験・申込）。

受験資格の多くは、労働衛生に関する実務経験を事業者証明書等で証明することを求められます。申込み直前になって準備が間に合わないケースが多いため、早めに勤務先と調整しましょう。

現場の衛生管理者・受験生の双方に役立つよう、第一種衛生管理者試験の出題傾向と学習の進め方をあわせて整理しています。

現場の衛生管理者・受験生の双方に役立つよう、第一種衛生管理者試験の出題傾向と学習の進め方をあわせて整理しています。

数値・期限・公式情報は年度で変わることがあるため、受験前には必ず試験実施団体の最新案内も確認してください。",実務経験証明のポイント,"学歴に応じた必要年数・職務内容が労働衛生の実務に該当するかが審査の中心です。

事業者証明書の記載漏れ・押印不備で申込みが遅れる例があるため、早めに様式を確認してください。",過去問・用語解説のつなげ方,"「第一種衛生管理者・実務経験証明」のテーマは、過去問で「正しい説明に似せた誤り」として繰り返し出題されます。

一衛マスターで該当分野の問題を解いたあと、間違えた選択肢のキーワードで用語解説一覧を検索し、定義・数値・主体の違いを1行メモにまとめてください。

同じミスを3回以上繰り返す場合は、分野別の試験ガイド記事に戻り、表やチェックリストで整理し直すと改善が早いです。",学習チェックリスト,□ 公式の試験要項で最新の範囲・日程を確認した;□ 本記事の要点を読み、関連する用語解説を2語以上読んだ;□ 同テーマの過去問を5問以上解き、誤りの理由をメモした;□ 数値・期限・主体の入れ替えに弱い場合は、カードに書き直した;□ 受験・申込の記事をもう1本読み、学習の抜け道がないか確認した,受験生がつまずきやすい点,"【専門家の視点】試験制度の理解は、学習の土台です。

受験資格・合格基準・申込手続の誤解は、勉強開始前に必ず解消してください。公式の試験要項が最優先の情報源です。",,,,,第一種衛生管理者・実務経験証明は独学でも十分に対策できますか？,"はい。過去問演習・用語解説・計画的な復習があれば独学でも合格は十分可能です。

本記事の要点を押さえたうえで、一衛マスターの過去問・一問一答でアウトプットを重ねてください。",第一種衛生管理者・実務経験証明の学習で最優先すべきことは何ですか？,"公式の試験要項で範囲を固定し、過去問で現在地を把握したあと、間違えた論点を用語解説で補強する流れが最優先です。

教材を増やすより、同じ過去問を質の高い復習で回す方が得点につながります。",juken-shikaku:受験資格;moushikomi-nagare:申込み,公式情報はどこで確認すればよいですか？,"安全衛生技術試験協会（https://www.exam.or.jp/）および厚生労働省の労働安全衛生関連ページで、試験日程・受験資格・合格基準の最新版を確認してください。

本記事は学習用の整理であり、制度改正時は必ず原文・公式案内を優先してください。",この記事のあとに何を学習するとよいですか？,"関連する試験ガイドと用語解説を1〜2本読み、続けて同テーマの過去問を解いて定着させてください。

誤りの理由までメモできる状態が、本番での安定につながります。"
juken-shikaku,試験概要,第一種衛生管理者の受験資格【学歴別・実務経験年数一覧】自分が受験できるか確認,第一種衛生管理者の受験資格を学歴別・実務経験年数別に整理。受験前に確認すべき証明書類と注意点も解説します。,"第一種衛生管理者試験は、誰でもすぐに受験できる試験ではありません。学歴や実務経験に応じた受験資格を満たす必要があります。

現場の衛生管理者・受験生の双方に役立つよう、第一種衛生管理者試験の出題傾向と学習の進め方をあわせて整理しています。

現場の衛生管理者・受験生の双方に役立つよう、第一種衛生管理者試験の出題傾向と学習の進め方をあわせて整理しています。

現場の衛生管理者・受験生の双方に役立つよう、第一種衛生管理者試験の出題傾向と学習の進め方をあわせて整理しています。",160,第一種衛生管理者;試験ガイド,一衛マスター編集部,第一種衛生管理者試験の学習コンテンツを整理する編集チーム,一衛マスター確認担当,公開前に公式情報と内部リンクを確認,2026-05-14,安全衛生技術試験協会（公式）|https://www.exam.or.jp/,旧 articles/*.html から移行,第一種衛生管理者の受験資格【学歴別・実務経験年数一覧】自分が受験できるか確認について試験前に整理したい,公式情報を確認する;関連用語と過去問で定着する,試験要項・公式情報の改定時に見直す,2026-05-14,2026-08-18,2026-05-14,published,migrate_import_data.py で移行,この記事でわかること,"本記事は、第一種衛生管理者試験の受験生向けに「第一種衛生管理者の受験資格」を整理したガイドです（ジャンル：試験概要）。

第一種衛生管理者試験は、誰でもすぐに受験できる試験ではありません。学歴や実務経験に応じた受験資格を満たす必要があります。

現場の衛生管理者・受験生の双方に役立つよう、第一種衛生管理者試験の出題傾向と学習の進め方をあわせて整理しています。

現場の衛生管理者・受験生の双方に役立つよう、第一種衛生管理者試験の出題傾向と学習の進め方をあわせて整理しています。

数値・期限・公式情報は年度で変わることがあるため、受験前には必ず試験実施団体の最新案内も確認してください。",学歴別の実務経験,"大学院・大学・短大・専門・高校など、学歴ごとに必要な労働衛生の実務年数が異なります。

「実務」の範囲（どの業務がカウントされるか）を公式の受験資格案内で必ず確認してください。",よくある誤解,第二種免許のみでは第一種の受験資格にならない、関連資格があっても実務年数が必要、といった誤解が多いです。自分のパターンを表に書き出して整理しましょう。,過去問・用語解説のつなげ方,"「第一種衛生管理者の受験資格」のテーマは、過去問で「正しい説明に似せた誤り」として繰り返し出題されます。

一衛マスターで該当分野の問題を解いたあと、間違えた選択肢のキーワードで用語解説一覧を検索し、定義・数値・主体の違いを1行メモにまとめてください。

同じミスを3回以上繰り返す場合は、分野別の試験ガイド記事に戻り、表やチェックリストで整理し直すと改善が早いです。",学習チェックリスト,□ 公式の試験要項で最新の範囲・日程を確認した;□ 本記事の要点を読み、関連する用語解説を2語以上読んだ;□ 同テーマの過去問を5問以上解き、誤りの理由をメモした;□ 数値・期限・主体の入れ替えに弱い場合は、カードに書き直した;□ 試験概要の記事をもう1本読み、学習の抜け道がないか確認した,受験生がつまずきやすい点,"【専門家の視点】試験制度の理解は、学習の土台です。

受験資格・合格基準・申込手続の誤解は、勉強開始前に必ず解消してください。公式の試験要項が最優先の情報源です。",,,第一種衛生管理者の受験資格は独学でも十分に対策できますか？,"はい。過去問演習・用語解説・計画的な復習があれば独学でも合格は十分可能です。

本記事の要点を押さえたうえで、一衛マスターの過去問・一問一答でアウトプットを重ねてください。",第一種衛生管理者の受験資格の学習で最優先すべきことは何ですか？,"公式の試験要項で範囲を固定し、過去問で現在地を把握したあと、間違えた論点を用語解説で補強する流れが最優先です。

教材を増やすより、同じ過去問を質の高い復習で回す方が得点につながります。",jisseki-shomeisho:実務経験証明;moushikomi-nagare:申込み,公式情報はどこで確認すればよいですか？,"安全衛生技術試験協会（https://www.exam.or.jp/）および厚生労働省の労働安全衛生関連ページで、試験日程・受験資格・合格基準の最新版を確認してください。

本記事は学習用の整理であり、制度改正時は必ず原文・公式案内を優先してください。",この記事のあとに何を学習するとよいですか？,"関連する試験ガイドと用語解説を1〜2本読み、続けて同テーマの過去問を解いて定着させてください。

誤りの理由までメモできる状態が、本番での安定につながります。"
kagaku-busshitsu-taisaku,分野別対策,第一種衛生管理者・化学物質管理の試験対策【化管法・リスクアセスメント】,化学物質管理に関する法令・リスクアセスメント・SDS・管理区分など、第一種衛生管理者試験の頻出論点を整理します。,"化学物質は、第一種の労働衛生・関係法令の両方から繰り返し出題されます。物質名・管理区分・健康障害・対策をセットで覚えると得点が安定します。

現場の衛生管理者・受験生の双方に役立つよう、第一種衛生管理者試験の出題傾向と学習の進め方をあわせて整理しています。

現場の衛生管理者・受験生の双方に役立つよう、第一種衛生管理者試験の出題傾向と学習の進め方をあわせて整理しています。

現場の衛生管理者・受験生の双方に役立つよう、第一種衛生管理者試験の出題傾向と学習の進め方をあわせて整理しています。",170,第一種衛生管理者;試験ガイド,一衛マスター編集部,第一種衛生管理者試験の学習コンテンツを整理する編集チーム,一衛マスター確認担当,公開前に公式情報と内部リンクを確認,2026-05-19,安全衛生技術試験協会（公式）|https://www.exam.or.jp/,旧 articles/*.html から移行,第一種衛生管理者・化学物質管理の試験対策【化管法・リスクアセスメント】について試験前に整理したい,公式情報を確認する;関連用語と過去問で定着する,試験要項・公式情報の改定時に見直す,2026-05-19,2026-08-18,2026-05-19,published,migrate_import_data.py で移行,この記事でわかること,"本記事は、第一種衛生管理者試験の受験生向けに「第一種衛生管理者・化学物質管理の試験対策」を整理したガイドです（ジャンル：分野別対策）。

化学物質は、第一種の労働衛生・関係法令の両方から繰り返し出題されます。物質名・管理区分・健康障害・対策をセットで覚えると得点が安定します。

現場の衛生管理者・受験生の双方に役立つよう、第一種衛生管理者試験の出題傾向と学習の進め方をあわせて整理しています。

現場の衛生管理者・受験生の双方に役立つよう、第一種衛生管理者試験の出題傾向と学習の進め方をあわせて整理しています。

数値・期限・公式情報は年度で変わることがあるため、受験前には必ず試験実施団体の最新案内も確認してください。",化学物質管理の軸,"化管法・安衛則・特定化学物質・リスクアセスメント・SDS・作業記録が連動します。

物質ごとの管理濃度・記録保存・健康診断の有無を表で比較すると試験に強くなります。",過去問・用語解説のつなげ方,"「第一種衛生管理者・化学物質管理の試験対策」のテーマは、過去問で「正しい説明に似せた誤り」として繰り返し出題されます。

一衛マスターで該当分野の問題を解いたあと、間違えた選択肢のキーワードで用語解説一覧を検索し、定義・数値・主体の違いを1行メモにまとめてください。

同じミスを3回以上繰り返す場合は、分野別の試験ガイド記事に戻り、表やチェックリストで整理し直すと改善が早いです。",学習チェックリスト,□ 公式の試験要項で最新の範囲・日程を確認した;□ 本記事の要点を読み、関連する用語解説を2語以上読んだ;□ 同テーマの過去問を5問以上解き、誤りの理由をメモした;□ 数値・期限・主体の入れ替えに弱い場合は、カードに書き直した;□ 分野別対策の記事をもう1本読み、学習の抜け道がないか確認した,受験生がつまずきやすい点,"【専門家の視点】分野別記事は、過去問で「関連する複数制度」を同時に問う形式に備えるためのものです。

単一の用語暗記ではなく、選任・測定・健診・教育のどれが抜けているかを見抜く力が合格ラインになります。",,,,,第一種衛生管理者・化学物質管理の試験対策は独学でも十分に対策できますか？,"はい。過去問演習・用語解説・計画的な復習があれば独学でも合格は十分可能です。

本記事の要点を押さえたうえで、一衛マスターの過去問・一問一答でアウトプットを重ねてください。",第一種衛生管理者・化学物質管理の試験対策の学習で最優先すべきことは何ですか？,"公式の試験要項で範囲を固定し、過去問で現在地を把握したあと、間違えた論点を用語解説で補強する流れが最優先です。

教材を増やすより、同じ過去問を質の高い復習で回す方が得点につながります。",rodoeisei-benkyou:労働衛生;yuugai-gyoumu-matome:有害業務,公式情報はどこで確認すればよいですか？,"安全衛生技術試験協会（https://www.exam.or.jp/）および厚生労働省の労働安全衛生関連ページで、試験日程・受験資格・合格基準の最新版を確認してください。

本記事は学習用の整理であり、制度改正時は必ず原文・公式案内を優先してください。",この記事のあとに何を学習するとよいですか？,"関連する試験ガイドと用語解説を1〜2本読み、続けて同テーマの過去問を解いて定着させてください。

誤りの理由までメモできる状態が、本番での安定につながります。"
kakomon-kakaikata,独学対策,第一種衛生管理者・過去問の効果的な回し方【1周目・2周目・3周目】,第一種衛生管理者の過去問を何周・どの順番で解くか。1周目から直前期までの回し方と、間違いノートの作り方を解説します。,"過去問は「解いた回数」より間違いの潰し方で効果が変わります。第一種では44問×複数年度と範囲が広いため、周回の目的を分けて進めるのがおすすめです。

現場の衛生管理者・受験生の双方に役立つよう、第一種衛生管理者試験の出題傾向と学習の進め方をあわせて整理しています。

現場の衛生管理者・受験生の双方に役立つよう、第一種衛生管理者試験の出題傾向と学習の進め方をあわせて整理しています。

現場の衛生管理者・受験生の双方に役立つよう、第一種衛生管理者試験の出題傾向と学習の進め方をあわせて整理しています。",180,第一種衛生管理者;試験ガイド,一衛マスター編集部,第一種衛生管理者試験の学習コンテンツを整理する編集チーム,一衛マスター確認担当,公開前に公式情報と内部リンクを確認,2026-05-19,安全衛生技術試験協会（公式）|https://www.exam.or.jp/,旧 articles/*.html から移行,第一種衛生管理者・過去問の効果的な回し方【1周目・2周目・3周目】について試験前に整理したい,公式情報を確認する;関連用語と過去問で定着する,試験要項・公式情報の改定時に見直す,2026-05-19,2026-08-18,2026-05-19,published,migrate_import_data.py で移行,この記事でわかること,"本記事は、第一種衛生管理者試験の受験生向けに「第一種衛生管理者・過去問の効果的な回し方」を整理したガイドです（ジャンル：独学対策）。

過去問は「解いた回数」より間違いの潰し方で効果が変わります。第一種では44問×複数年度と範囲が広いため、周回の目的を分けて進めるのがおすすめです。

現場の衛生管理者・受験生の双方に役立つよう、第一種衛生管理者試験の出題傾向と学習の進め方をあわせて整理しています。

現場の衛生管理者・受験生の双方に役立つよう、第一種衛生管理者試験の出題傾向と学習の進め方をあわせて整理しています。

数値・期限・公式情報は年度で変わることがあるため、受験前には必ず試験実施団体の最新案内も確認してください。",過去問の周回の型,"1周目：時間を気にせず全問解き、わからない用語を洗い出す。

2周目：制限時間に近いペースで解き、誤りの型を分類する。

3周目：間違えた問題だけを解き、直前は数値カードと併用する。",過去問・用語解説のつなげ方,"「第一種衛生管理者・過去問の効果的な回し方」のテーマは、過去問で「正しい説明に似せた誤り」として繰り返し出題されます。

一衛マスターで該当分野の問題を解いたあと、間違えた選択肢のキーワードで用語解説一覧を検索し、定義・数値・主体の違いを1行メモにまとめてください。

同じミスを3回以上繰り返す場合は、分野別の試験ガイド記事に戻り、表やチェックリストで整理し直すと改善が早いです。",学習チェックリスト,□ 公式の試験要項で最新の範囲・日程を確認した;□ 本記事の要点を読み、関連する用語解説を2語以上読んだ;□ 同テーマの過去問を5問以上解き、誤りの理由をメモした;□ 数値・期限・主体の入れ替えに弱い場合は、カードに書き直した;□ 独学対策の記事をもう1本読み、学習の抜け道がないか確認した,受験生がつまずきやすい点,"【専門家の視点】独学では「演習量」と「誤りの分析」の質が成果を分けます。

テキストを何度読んでも、過去問で誤った選択肢の理由を言語化できなければ本番で同じミスを繰り返しやすくなります。",,,,,第一種衛生管理者・過去問の効果的な回し方は独学でも十分に対策できますか？,"はい。過去問演習・用語解説・計画的な復習があれば独学でも合格は十分可能です。

本記事の要点を押さえたうえで、一衛マスターの過去問・一問一答でアウトプットを重ねてください。",第一種衛生管理者・過去問の効果的な回し方の学習で最優先すべきことは何ですか？,"公式の試験要項で範囲を固定し、過去問で現在地を把握したあと、間違えた論点を用語解説で補強する流れが最優先です。

教材を増やすより、同じ過去問を質の高い復習で回す方が得点につながります。",kakomon-theme-frequency:出題傾向;dokugaku-guide:独学,公式情報はどこで確認すればよいですか？,"安全衛生技術試験協会（https://www.exam.or.jp/）および厚生労働省の労働安全衛生関連ページで、試験日程・受験資格・合格基準の最新版を確認してください。

本記事は学習用の整理であり、制度改正時は必ず原文・公式案内を優先してください。",この記事のあとに何を学習するとよいですか？,"関連する試験ガイドと用語解説を1〜2本読み、続けて同テーマの過去問を解いて定着させてください。

誤りの理由までメモできる状態が、本番での安定につながります。"
kakomon-theme-frequency,試験概要,第一種衛生管理者「過去問616問」から見る科目・テーマ別の出題傾向【14回分】,第一種衛生管理者の過去問616問（14回分）を、科目とテーマ別に整理し、出題数と試験回ごとの出現の傾向をまとめました。,"本記事は、一衛マスターに掲載している第一種衛生管理者の過去問をもとに、問題文と解説から科目別・テーマ別の出題傾向を整理したものです。公式の出題範囲の宣言ではなく、掲載データに基づく傾向として参考にしてください。

現場の衛生管理者・受験生の双方に役立つよう、第一種衛生管理者試験の出題傾向と学習の進め方をあわせて整理しています。

現場の衛生管理者・受験生の双方に役立つよう、第一種衛生管理者試験の出題傾向と学習の進め方をあわせて整理しています。

現場の衛生管理者・受験生の双方に役立つよう、第一種衛生管理者試験の出題傾向と学習の進め方をあわせて整理しています。",190,第一種衛生管理者;試験ガイド,一衛マスター編集部,第一種衛生管理者試験の学習コンテンツを整理する編集チーム,一衛マスター確認担当,公開前に公式情報と内部リンクを確認,2026-05-14,安全衛生技術試験協会（公式）|https://www.exam.or.jp/,旧 articles/*.html から移行,第一種衛生管理者「過去問616問」から見る科目・テーマ別の出題傾向【14回分】について試験前に整理したい,公式情報を確認する;関連用語と過去問で定着する,試験要項・公式情報の改定時に見直す,2026-05-14,2026-08-18,2026-05-14,published,migrate_import_data.py で移行,この記事でわかること,"本記事は、第一種衛生管理者試験の受験生向けに「第一種衛生管理者「過去問616問」から見る科目・テーマ別の出題傾向」を整理したガイドです（ジャンル：試験概要）。

本記事は、一衛マスターに掲載している第一種衛生管理者の過去問をもとに、問題文と解説から科目別・テーマ別の出題傾向を整理したものです。公式の出題範囲の宣言ではなく、掲載データに基づく傾向として参考にしてください。

現場の衛生管理者・受験生の双方に役立つよう、第一種衛生管理者試験の出題傾向と学習の進め方をあわせて整理しています。

現場の衛生管理者・受験生の双方に役立つよう、第一種衛生管理者試験の出題傾向と学習の進め方をあわせて整理しています。

数値・期限・公式情報は年度で変わることがあるため、受験前には必ず試験実施団体の最新案内も確認してください。",616問から見る傾向,"関係法令・労働衛生（有害）・労働生理で、繰り返し出るテーマ（選任・健診・測定・温熱・検査指標）を把握します。

出題頻度が高いテーマから優先学習すると、短期合格の効率が上がります。",データの使い方,"傾向は参考であり、年度で配分が変わることもあります。

頻出テーマを押さえたうえで、足切り科目の最低ラインも必ず確保してください。",過去問・用語解説のつなげ方,"「第一種衛生管理者「過去問616問」から見る科目・テーマ別の出題傾向」のテーマは、過去問で「正しい説明に似せた誤り」として繰り返し出題されます。

一衛マスターで該当分野の問題を解いたあと、間違えた選択肢のキーワードで用語解説一覧を検索し、定義・数値・主体の違いを1行メモにまとめてください。

同じミスを3回以上繰り返す場合は、分野別の試験ガイド記事に戻り、表やチェックリストで整理し直すと改善が早いです。",学習チェックリスト,□ 公式の試験要項で最新の範囲・日程を確認した;□ 本記事の要点を読み、関連する用語解説を2語以上読んだ;□ 同テーマの過去問を5問以上解き、誤りの理由をメモした;□ 数値・期限・主体の入れ替えに弱い場合は、カードに書き直した;□ 試験概要の記事をもう1本読み、学習の抜け道がないか確認した,受験生がつまずきやすい点,"【専門家の視点】試験制度の理解は、学習の土台です。

受験資格・合格基準・申込手続の誤解は、勉強開始前に必ず解消してください。公式の試験要項が最優先の情報源です。",,,第一種衛生管理者「過去問616問」から見る科目・テーマ別の出題傾向は独学でも十分に対策できますか？,"はい。過去問演習・用語解説・計画的な復習があれば独学でも合格は十分可能です。

本記事の要点を押さえたうえで、一衛マスターの過去問・一問一答でアウトプットを重ねてください。",第一種衛生管理者「過去問616問」から見る科目・テーマ別の出題傾向の学習で最優先すべきことは何ですか？,"公式の試験要項で範囲を固定し、過去問で現在地を把握したあと、間違えた論点を用語解説で補強する流れが最優先です。

教材を増やすより、同じ過去問を質の高い復習で回す方が得点につながります。",kakomon-kakaikata:過去問の回し方;shiken-kamoku:試験科目,公式情報はどこで確認すればよいですか？,"安全衛生技術試験協会（https://www.exam.or.jp/）および厚生労働省の労働安全衛生関連ページで、試験日程・受験資格・合格基準の最新版を確認してください。

本記事は学習用の整理であり、制度改正時は必ず原文・公式案内を優先してください。",この記事のあとに何を学習するとよいですか？,"関連する試験ガイドと用語解説を1〜2本読み、続けて同テーマの過去問を解いて定着させてください。

誤りの理由までメモできる状態が、本番での安定につながります。"
kankei-hourei-benkyou,分野別対策,第一種衛生管理者・関係法令の勉強法【数値暗記と過去問の使い方】,第一種衛生管理者試験の関係法令（労働安全衛生法ほか）の効率的な勉強法。数値・選任要件・過去問の活用法を整理します。,"関係法令は第一種でも配点の大きい分野です。条文の丸暗記より、「誰が・いつ・何をしなければならないか」の型で整理すると記憶が定着しやすくなります。

現場の衛生管理者・受験生の双方に役立つよう、第一種衛生管理者試験の出題傾向と学習の進め方をあわせて整理しています。

現場の衛生管理者・受験生の双方に役立つよう、第一種衛生管理者試験の出題傾向と学習の進め方をあわせて整理しています。

現場の衛生管理者・受験生の双方に役立つよう、第一種衛生管理者試験の出題傾向と学習の進め方をあわせて整理しています。",200,第一種衛生管理者;試験ガイド,一衛マスター編集部,第一種衛生管理者試験の学習コンテンツを整理する編集チーム,一衛マスター確認担当,公開前に公式情報と内部リンクを確認,2026-05-19,安全衛生技術試験協会（公式）|https://www.exam.or.jp/,旧 articles/*.html から移行,第一種衛生管理者・関係法令の勉強法【数値暗記と過去問の使い方】について試験前に整理したい,公式情報を確認する;関連用語と過去問で定着する,試験要項・公式情報の改定時に見直す,2026-05-19,2026-08-18,2026-05-19,published,migrate_import_data.py で移行,この記事でわかること,"本記事は、第一種衛生管理者試験の受験生向けに「第一種衛生管理者・関係法令の勉強法」を整理したガイドです（ジャンル：分野別対策）。

関係法令は第一種でも配点の大きい分野です。条文の丸暗記より、「誰が・いつ・何をしなければならないか」の型で整理すると記憶が定着しやすくなります。

現場の衛生管理者・受験生の双方に役立つよう、第一種衛生管理者試験の出題傾向と学習の進め方をあわせて整理しています。

現場の衛生管理者・受験生の双方に役立つよう、第一種衛生管理者試験の出題傾向と学習の進め方をあわせて整理しています。

数値・期限・公式情報は年度で変わることがあるため、受験前には必ず試験実施団体の最新案内も確認してください。",法令の勉強法,"条文丸暗記より、数値・主体・期限のカード化が効率的です。

過去問で「誤りの1語」を特定する練習を重ね、用語解説で関連語をつなげます。",有害と有害以外,"同じ労働安全衛生法でも、粉じん・化学物質・鉛など有害業務系は別規則とセットで出ます。

規則名の取り違えに注意し、一覧表を自作してください。",過去問・用語解説のつなげ方,"「第一種衛生管理者・関係法令の勉強法」のテーマは、過去問で「正しい説明に似せた誤り」として繰り返し出題されます。

一衛マスターで該当分野の問題を解いたあと、間違えた選択肢のキーワードで用語解説一覧を検索し、定義・数値・主体の違いを1行メモにまとめてください。

同じミスを3回以上繰り返す場合は、分野別の試験ガイド記事に戻り、表やチェックリストで整理し直すと改善が早いです。",学習チェックリスト,□ 公式の試験要項で最新の範囲・日程を確認した;□ 本記事の要点を読み、関連する用語解説を2語以上読んだ;□ 同テーマの過去問を5問以上解き、誤りの理由をメモした;□ 数値・期限・主体の入れ替えに弱い場合は、カードに書き直した;□ 分野別対策の記事をもう1本読み、学習の抜け道がないか確認した,受験生がつまずきやすい点,"【専門家の視点】分野別記事は、過去問で「関連する複数制度」を同時に問う形式に備えるためのものです。

単一の用語暗記ではなく、選任・測定・健診・教育のどれが抜けているかを見抜く力が合格ラインになります。",,,第一種衛生管理者・関係法令の勉強法は独学でも十分に対策できますか？,"はい。過去問演習・用語解説・計画的な復習があれば独学でも合格は十分可能です。

本記事の要点を押さえたうえで、一衛マスターの過去問・一問一答でアウトプットを重ねてください。",第一種衛生管理者・関係法令の勉強法の学習で最優先すべきことは何ですか？,"公式の試験要項で範囲を固定し、過去問で現在地を把握したあと、間違えた論点を用語解説で補強する流れが最優先です。

教材を増やすより、同じ過去問を質の高い復習で回す方が得点につながります。",anzen-eisei-taisei:管理体制;machigai-chui-ten:間違えやすい論点,公式情報はどこで確認すればよいですか？,"安全衛生技術試験協会（https://www.exam.or.jp/）および厚生労働省の労働安全衛生関連ページで、試験日程・受験資格・合格基準の最新版を確認してください。

本記事は学習用の整理であり、制度改正時は必ず原文・公式案内を優先してください。",この記事のあとに何を学習するとよいですか？,"関連する試験ガイドと用語解説を1〜2本読み、続けて同テーマの過去問を解いて定着させてください。

誤りの理由までメモできる状態が、本番での安定につながります。"
kenko-shindan-guide,分野別対策,第一種衛生管理者・健康診断の試験対策【定期・特定・保存期間】,定期健康診断・特定健康診断・保存期間・雇入時健診など、健康診断に関する試験頻出論点を解説します。,"健康診断は関係法令・労働衛生の両方から数値・対象・頻度が問われます。「誰が・いつ・何を・どう保存するか」で整理すると暗記しやすくなります。

現場の衛生管理者・受験生の双方に役立つよう、第一種衛生管理者試験の出題傾向と学習の進め方をあわせて整理しています。

現場の衛生管理者・受験生の双方に役立つよう、第一種衛生管理者試験の出題傾向と学習の進め方をあわせて整理しています。

現場の衛生管理者・受験生の双方に役立つよう、第一種衛生管理者試験の出題傾向と学習の進め方をあわせて整理しています。",210,第一種衛生管理者;試験ガイド,一衛マスター編集部,第一種衛生管理者試験の学習コンテンツを整理する編集チーム,一衛マスター確認担当,公開前に公式情報と内部リンクを確認,2026-05-19,安全衛生技術試験協会（公式）|https://www.exam.or.jp/,旧 articles/*.html から移行,第一種衛生管理者・健康診断の試験対策【定期・特定・保存期間】について試験前に整理したい,公式情報を確認する;関連用語と過去問で定着する,試験要項・公式情報の改定時に見直す,2026-05-19,2026-08-18,2026-05-19,published,migrate_import_data.py で移行,この記事でわかること,"本記事は、第一種衛生管理者試験の受験生向けに「第一種衛生管理者・健康診断の試験対策」を整理したガイドです（ジャンル：分野別対策）。

健康診断は関係法令・労働衛生の両方から数値・対象・頻度が問われます。「誰が・いつ・何を・どう保存するか」で整理すると暗記しやすくなります。

現場の衛生管理者・受験生の双方に役立つよう、第一種衛生管理者試験の出題傾向と学習の進め方をあわせて整理しています。

現場の衛生管理者・受験生の双方に役立つよう、第一種衛生管理者試験の出題傾向と学習の進め方をあわせて整理しています。

数値・期限・公式情報は年度で変わることがあるため、受験前には必ず試験実施団体の最新案内も確認してください。",健康診断の試験範囲,"定期健康診断、特定業務従事者の健康診断、人間ドック代替、結果の取扱い、保存年限、就業上の措置が中心です。

健診の種類ごとに「対象者・頻度・項目・保存」を表にまとめてください。",過去問・用語解説のつなげ方,"「第一種衛生管理者・健康診断の試験対策」のテーマは、過去問で「正しい説明に似せた誤り」として繰り返し出題されます。

一衛マスターで該当分野の問題を解いたあと、間違えた選択肢のキーワードで用語解説一覧を検索し、定義・数値・主体の違いを1行メモにまとめてください。

同じミスを3回以上繰り返す場合は、分野別の試験ガイド記事に戻り、表やチェックリストで整理し直すと改善が早いです。",学習チェックリスト,□ 公式の試験要項で最新の範囲・日程を確認した;□ 本記事の要点を読み、関連する用語解説を2語以上読んだ;□ 同テーマの過去問を5問以上解き、誤りの理由をメモした;□ 数値・期限・主体の入れ替えに弱い場合は、カードに書き直した;□ 分野別対策の記事をもう1本読み、学習の抜け道がないか確認した,受験生がつまずきやすい点,"【専門家の視点】分野別記事は、過去問で「関連する複数制度」を同時に問う形式に備えるためのものです。

単一の用語暗記ではなく、選任・測定・健診・教育のどれが抜けているかを見抜く力が合格ラインになります。",,,,,第一種衛生管理者・健康診断の試験対策は独学でも十分に対策できますか？,"はい。過去問演習・用語解説・計画的な復習があれば独学でも合格は十分可能です。

本記事の要点を押さえたうえで、一衛マスターの過去問・一問一答でアウトプットを重ねてください。",第一種衛生管理者・健康診断の試験対策の学習で最優先すべきことは何ですか？,"公式の試験要項で範囲を固定し、過去問で現在地を把握したあと、間違えた論点を用語解説で補強する流れが最優先です。

教材を増やすより、同じ過去問を質の高い復習で回す方が得点につながります。",tokutei-gyomu-kenko:特定業務健診;stress-check-taisaku:ストレスチェック,公式情報はどこで確認すればよいですか？,"安全衛生技術試験協会（https://www.exam.or.jp/）および厚生労働省の労働安全衛生関連ページで、試験日程・受験資格・合格基準の最新版を確認してください。

本記事は学習用の整理であり、制度改正時は必ず原文・公式案内を優先してください。",この記事のあとに何を学習するとよいですか？,"関連する試験ガイドと用語解説を1〜2本読み、続けて同テーマの過去問を解いて定着させてください。

誤りの理由までメモできる状態が、本番での安定につながります。"
machigai-chui-ten,独学対策,第一種衛生管理者・よく間違える論点【ひっかけ対策】,第一種衛生管理者試験で受験者がつまずきやすい論点・ひっかけのパターンと対策をまとめます。,"第一種では「知っているつもり」でも、選択肢の微妙な違いで誤答になりやすい問題があります。過去問で×になった問題を分類すると、対策が立てやすくなります。

現場の衛生管理者・受験生の双方に役立つよう、第一種衛生管理者試験の出題傾向と学習の進め方をあわせて整理しています。

現場の衛生管理者・受験生の双方に役立つよう、第一種衛生管理者試験の出題傾向と学習の進め方をあわせて整理しています。

現場の衛生管理者・受験生の双方に役立つよう、第一種衛生管理者試験の出題傾向と学習の進め方をあわせて整理しています。",220,第一種衛生管理者;試験ガイド,一衛マスター編集部,第一種衛生管理者試験の学習コンテンツを整理する編集チーム,一衛マスター確認担当,公開前に公式情報と内部リンクを確認,2026-05-19,安全衛生技術試験協会（公式）|https://www.exam.or.jp/,旧 articles/*.html から移行,第一種衛生管理者・よく間違える論点【ひっかけ対策】について試験前に整理したい,公式情報を確認する;関連用語と過去問で定着する,試験要項・公式情報の改定時に見直す,2026-05-19,2026-08-18,2026-05-19,published,migrate_import_data.py で移行,この記事でわかること,"本記事は、第一種衛生管理者試験の受験生向けに「第一種衛生管理者・よく間違える論点」を整理したガイドです（ジャンル：独学対策）。

第一種では「知っているつもり」でも、選択肢の微妙な違いで誤答になりやすい問題があります。過去問で×になった問題を分類すると、対策が立てやすくなります。

現場の衛生管理者・受験生の双方に役立つよう、第一種衛生管理者試験の出題傾向と学習の進め方をあわせて整理しています。

現場の衛生管理者・受験生の双方に役立つよう、第一種衛生管理者試験の出題傾向と学習の進め方をあわせて整理しています。

数値・期限・公式情報は年度で変わることがあるため、受験前には必ず試験実施団体の最新案内も確認してください。",よく間違える論点,"努力義務と法令義務、選任と届出、測定と評価、感度と特異度、急性と慢性など、対比で覚えると誤りにくくなります。

自分の過去問ミスを3分類（数値・主体・期限）に整理したリストを持ちましょう。",過去問・用語解説のつなげ方,"「第一種衛生管理者・よく間違える論点」のテーマは、過去問で「正しい説明に似せた誤り」として繰り返し出題されます。

一衛マスターで該当分野の問題を解いたあと、間違えた選択肢のキーワードで用語解説一覧を検索し、定義・数値・主体の違いを1行メモにまとめてください。

同じミスを3回以上繰り返す場合は、分野別の試験ガイド記事に戻り、表やチェックリストで整理し直すと改善が早いです。",学習チェックリスト,□ 公式の試験要項で最新の範囲・日程を確認した;□ 本記事の要点を読み、関連する用語解説を2語以上読んだ;□ 同テーマの過去問を5問以上解き、誤りの理由をメモした;□ 数値・期限・主体の入れ替えに弱い場合は、カードに書き直した;□ 独学対策の記事をもう1本読み、学習の抜け道がないか確認した,受験生がつまずきやすい点,"【専門家の視点】独学では「演習量」と「誤りの分析」の質が成果を分けます。

テキストを何度読んでも、過去問で誤った選択肢の理由を言語化できなければ本番で同じミスを繰り返しやすくなります。",,,,,第一種衛生管理者・よく間違える論点は独学でも十分に対策できますか？,"はい。過去問演習・用語解説・計画的な復習があれば独学でも合格は十分可能です。

本記事の要点を押さえたうえで、一衛マスターの過去問・一問一答でアウトプットを重ねてください。",第一種衛生管理者・よく間違える論点の学習で最優先すべきことは何ですか？,"公式の試験要項で範囲を固定し、過去問で現在地を把握したあと、間違えた論点を用語解説で補強する流れが最優先です。

教材を増やすより、同じ過去問を質の高い復習で回す方が得点につながります。",kankei-hourei-benkyou:関係法令;kakomon-kakaikata:過去問,公式情報はどこで確認すればよいですか？,"安全衛生技術試験協会（https://www.exam.or.jp/）および厚生労働省の労働安全衛生関連ページで、試験日程・受験資格・合格基準の最新版を確認してください。

本記事は学習用の整理であり、制度改正時は必ず原文・公式案内を優先してください。",この記事のあとに何を学習するとよいですか？,"関連する試験ガイドと用語解説を1〜2本読み、続けて同テーマの過去問を解いて定着させてください。

誤りの理由までメモできる状態が、本番での安定につながります。"
moushikomi-nagare,受験・申込,第一種衛生管理者試験の申込み・受験の流れ【日程・必要書類・会場まで】,第一種衛生管理者試験の申込みから当日までの流れ、必要書類、受験票・会場の確認ポイントを整理します。,"第一種衛生管理者試験は、毎年おおむね4月と10月に実施されます（年度により変更があるため、必ず最新の案内を確認してください）。申込みの段階で書類不備があると受験できないため、早めに準備するのが安全です。

現場の衛生管理者・受験生の双方に役立つよう、第一種衛生管理者試験の出題傾向と学習の進め方をあわせて整理しています。

現場の衛生管理者・受験生の双方に役立つよう、第一種衛生管理者試験の出題傾向と学習の進め方をあわせて整理しています。

現場の衛生管理者・受験生の双方に役立つよう、第一種衛生管理者試験の出題傾向と学習の進め方をあわせて整理しています。",230,第一種衛生管理者;試験ガイド,一衛マスター編集部,第一種衛生管理者試験の学習コンテンツを整理する編集チーム,一衛マスター確認担当,公開前に公式情報と内部リンクを確認,2026-05-19,安全衛生技術試験協会（公式）|https://www.exam.or.jp/,旧 articles/*.html から移行,第一種衛生管理者試験の申込み・受験の流れ【日程・必要書類・会場まで】について試験前に整理したい,公式情報を確認する;関連用語と過去問で定着する,試験要項・公式情報の改定時に見直す,2026-05-19,2026-08-18,2026-05-19,published,migrate_import_data.py で移行,この記事でわかること,"本記事は、第一種衛生管理者試験の受験生向けに「第一種衛生管理者試験の申込み・受験の流れ」を整理したガイドです（ジャンル：受験・申込）。

第一種衛生管理者試験は、毎年おおむね4月と10月に実施されます（年度により変更があるため、必ず最新の案内を確認してください）。申込みの段階で書類不備があると受験できないため、早めに準備するのが安全です。

現場の衛生管理者・受験生の双方に役立つよう、第一種衛生管理者試験の出題傾向と学習の進め方をあわせて整理しています。

現場の衛生管理者・受験生の双方に役立つよう、第一種衛生管理者試験の出題傾向と学習の進め方をあわせて整理しています。

数値・期限・公式情報は年度で変わることがあるため、受験前には必ず試験実施団体の最新案内も確認してください。",申込みから当日まで,"受験資格の確認→申込期間内の手続→受験料納付→受験票確認→当日持参、の流れをカレンダーに落とし込みます。

書類不備は締切直前に集中するため、早めの準備が安全です。",過去問・用語解説のつなげ方,"「第一種衛生管理者試験の申込み・受験の流れ」のテーマは、過去問で「正しい説明に似せた誤り」として繰り返し出題されます。

一衛マスターで該当分野の問題を解いたあと、間違えた選択肢のキーワードで用語解説一覧を検索し、定義・数値・主体の違いを1行メモにまとめてください。

同じミスを3回以上繰り返す場合は、分野別の試験ガイド記事に戻り、表やチェックリストで整理し直すと改善が早いです。",学習チェックリスト,□ 公式の試験要項で最新の範囲・日程を確認した;□ 本記事の要点を読み、関連する用語解説を2語以上読んだ;□ 同テーマの過去問を5問以上解き、誤りの理由をメモした;□ 数値・期限・主体の入れ替えに弱い場合は、カードに書き直した;□ 受験・申込の記事をもう1本読み、学習の抜け道がないか確認した,受験生がつまずきやすい点,"【専門家の視点】試験制度の理解は、学習の土台です。

受験資格・合格基準・申込手続の誤解は、勉強開始前に必ず解消してください。公式の試験要項が最優先の情報源です。",,,,,第一種衛生管理者試験の申込み・受験の流れは独学でも十分に対策できますか？,"はい。過去問演習・用語解説・計画的な復習があれば独学でも合格は十分可能です。

本記事の要点を押さえたうえで、一衛マスターの過去問・一問一答でアウトプットを重ねてください。",第一種衛生管理者試験の申込み・受験の流れの学習で最優先すべきことは何ですか？,"公式の試験要項で範囲を固定し、過去問で現在地を把握したあと、間違えた論点を用語解説で補強する流れが最優先です。

教材を増やすより、同じ過去問を質の高い復習で回す方が得点につながります。",juken-shikaku:受験資格;shiken-tojitsu-mochimono:試験当日,公式情報はどこで確認すればよいですか？,"安全衛生技術試験協会（https://www.exam.or.jp/）および厚生労働省の労働安全衛生関連ページで、試験日程・受験資格・合格基準の最新版を確認してください。

本記事は学習用の整理であり、制度改正時は必ず原文・公式案内を優先してください。",この記事のあとに何を学習するとよいですか？,"関連する試験ガイドと用語解説を1〜2本読み、続けて同テーマの過去問を解いて定着させてください。

誤りの理由までメモできる状態が、本番での安定につながります。"
netchu-wbgt-guide,分野別対策,第一種衛生管理者・温熱・WBGT・暑熱順化【労働生理と法令】,WBGT・暑熱順化措置・熱中症予防など、温熱環境に関する試験対策を労働生理と法令の両面から解説します。,"温熱・暑熱は、労働生理の計算問題と、関係法令の措置義務の両方から出題されます。夏季試験前は特に復習価値が高いテーマです。

現場の衛生管理者・受験生の双方に役立つよう、第一種衛生管理者試験の出題傾向と学習の進め方をあわせて整理しています。

現場の衛生管理者・受験生の双方に役立つよう、第一種衛生管理者試験の出題傾向と学習の進め方をあわせて整理しています。

現場の衛生管理者・受験生の双方に役立つよう、第一種衛生管理者試験の出題傾向と学習の進め方をあわせて整理しています。",240,第一種衛生管理者;試験ガイド,一衛マスター編集部,第一種衛生管理者試験の学習コンテンツを整理する編集チーム,一衛マスター確認担当,公開前に公式情報と内部リンクを確認,2026-05-19,安全衛生技術試験協会（公式）|https://www.exam.or.jp/,旧 articles/*.html から移行,第一種衛生管理者・温熱・WBGT・暑熱順化【労働生理と法令】について試験前に整理したい,公式情報を確認する;関連用語と過去問で定着する,試験要項・公式情報の改定時に見直す,2026-05-19,2026-08-18,2026-05-19,published,migrate_import_data.py で移行,この記事でわかること,"本記事は、第一種衛生管理者試験の受験生向けに「第一種衛生管理者・温熱・WBGT・暑熱順化」を整理したガイドです（ジャンル：分野別対策）。

温熱・暑熱は、労働生理の計算問題と、関係法令の措置義務の両方から出題されます。夏季試験前は特に復習価値が高いテーマです。

現場の衛生管理者・受験生の双方に役立つよう、第一種衛生管理者試験の出題傾向と学習の進め方をあわせて整理しています。

現場の衛生管理者・受験生の双方に役立つよう、第一種衛生管理者試験の出題傾向と学習の進め方をあわせて整理しています。

数値・期限・公式情報は年度で変わることがあるため、受験前には必ず試験実施団体の最新案内も確認してください。",温熱・WBGT・暑熱順化,"WBGTの基準値、水分補給・休息・順化の考え方、熱中症の措置が法令と生理の両方から出題されます。

夏季の現場対策と、試験の数値問題の両方に対応できるよう、基準表を暗記カードにします。",過去問・用語解説のつなげ方,"「第一種衛生管理者・温熱・WBGT・暑熱順化」のテーマは、過去問で「正しい説明に似せた誤り」として繰り返し出題されます。

一衛マスターで該当分野の問題を解いたあと、間違えた選択肢のキーワードで用語解説一覧を検索し、定義・数値・主体の違いを1行メモにまとめてください。

同じミスを3回以上繰り返す場合は、分野別の試験ガイド記事に戻り、表やチェックリストで整理し直すと改善が早いです。",学習チェックリスト,□ 公式の試験要項で最新の範囲・日程を確認した;□ 本記事の要点を読み、関連する用語解説を2語以上読んだ;□ 同テーマの過去問を5問以上解き、誤りの理由をメモした;□ 数値・期限・主体の入れ替えに弱い場合は、カードに書き直した;□ 分野別対策の記事をもう1本読み、学習の抜け道がないか確認した,受験生がつまずきやすい点,"【専門家の視点】分野別記事は、過去問で「関連する複数制度」を同時に問う形式に備えるためのものです。

単一の用語暗記ではなく、選任・測定・健診・教育のどれが抜けているかを見抜く力が合格ラインになります。",,,,,第一種衛生管理者・温熱・WBGT・暑熱順化は独学でも十分に対策できますか？,"はい。過去問演習・用語解説・計画的な復習があれば独学でも合格は十分可能です。

本記事の要点を押さえたうえで、一衛マスターの過去問・一問一答でアウトプットを重ねてください。",第一種衛生管理者・温熱・WBGT・暑熱順化の学習で最優先すべきことは何ですか？,"公式の試験要項で範囲を固定し、過去問で現在地を把握したあと、間違えた論点を用語解説で補強する流れが最優先です。

教材を増やすより、同じ過去問を質の高い復習で回す方が得点につながります。",rodoseiri-benkyou:労働生理;kankei-hourei-benkyou:関係法令,公式情報はどこで確認すればよいですか？,"安全衛生技術試験協会（https://www.exam.or.jp/）および厚生労働省の労働安全衛生関連ページで、試験日程・受験資格・合格基準の最新版を確認してください。

本記事は学習用の整理であり、制度改正時は必ず原文・公式案内を優先してください。",この記事のあとに何を学習するとよいですか？,"関連する試験ガイドと用語解説を1〜2本読み、続けて同テーマの過去問を解いて定着させてください。

誤りの理由までメモできる状態が、本番での安定につながります。"
nishu-kara-ichishu,独学対策,第二種衛生管理者から第一種へ【差分・勉強の進め方】,第二種衛生管理者合格者が第一種を目指すときの出題範囲の差、追加で学ぶべき分野、勉強時間の目安を解説します。,"第二種衛生管理者試験に合格している方は、第一種の基礎の一部をすでに学んでいます。ただし第一種では有害業務に関する出題が増え、試験全体のボリュームも大きくなります。

現場の衛生管理者・受験生の双方に役立つよう、第一種衛生管理者試験の出題傾向と学習の進め方をあわせて整理しています。

現場の衛生管理者・受験生の双方に役立つよう、第一種衛生管理者試験の出題傾向と学習の進め方をあわせて整理しています。

現場の衛生管理者・受験生の双方に役立つよう、第一種衛生管理者試験の出題傾向と学習の進め方をあわせて整理しています。",250,第一種衛生管理者;試験ガイド,一衛マスター編集部,第一種衛生管理者試験の学習コンテンツを整理する編集チーム,一衛マスター確認担当,公開前に公式情報と内部リンクを確認,2026-05-19,安全衛生技術試験協会（公式）|https://www.exam.or.jp/,旧 articles/*.html から移行,第二種衛生管理者から第一種へ【差分・勉強の進め方】について試験前に整理したい,公式情報を確認する;関連用語と過去問で定着する,試験要項・公式情報の改定時に見直す,2026-05-19,2026-08-18,2026-05-19,published,migrate_import_data.py で移行,この記事でわかること,"本記事は、第一種衛生管理者試験の受験生向けに「第二種衛生管理者から第一種へ」を整理したガイドです（ジャンル：独学対策）。

第二種衛生管理者試験に合格している方は、第一種の基礎の一部をすでに学んでいます。ただし第一種では有害業務に関する出題が増え、試験全体のボリュームも大きくなります。

現場の衛生管理者・受験生の双方に役立つよう、第一種衛生管理者試験の出題傾向と学習の進め方をあわせて整理しています。

現場の衛生管理者・受験生の双方に役立つよう、第一種衛生管理者試験の出題傾向と学習の進め方をあわせて整理しています。

数値・期限・公式情報は年度で変わることがあるため、受験前には必ず試験実施団体の最新案内も確認してください。",第二種からの差分,"出題区分が増え、有害業務関連の法令・衛生の比重が大きくなります。

すでに学んだ範囲は復習中心にし、追加分野に週あたりの学習時間の6割を割り当てるとよいです。",過去問・用語解説のつなげ方,"「第二種衛生管理者から第一種へ」のテーマは、過去問で「正しい説明に似せた誤り」として繰り返し出題されます。

一衛マスターで該当分野の問題を解いたあと、間違えた選択肢のキーワードで用語解説一覧を検索し、定義・数値・主体の違いを1行メモにまとめてください。

同じミスを3回以上繰り返す場合は、分野別の試験ガイド記事に戻り、表やチェックリストで整理し直すと改善が早いです。",学習チェックリスト,□ 公式の試験要項で最新の範囲・日程を確認した;□ 本記事の要点を読み、関連する用語解説を2語以上読んだ;□ 同テーマの過去問を5問以上解き、誤りの理由をメモした;□ 数値・期限・主体の入れ替えに弱い場合は、カードに書き直した;□ 独学対策の記事をもう1本読み、学習の抜け道がないか確認した,受験生がつまずきやすい点,"【専門家の視点】独学では「演習量」と「誤りの分析」の質が成果を分けます。

テキストを何度読んでも、過去問で誤った選択肢の理由を言語化できなければ本番で同じミスを繰り返しやすくなります。",,,,,第二種衛生管理者から第一種へは独学でも十分に対策できますか？,"はい。過去問演習・用語解説・計画的な復習があれば独学でも合格は十分可能です。

本記事の要点を押さえたうえで、一衛マスターの過去問・一問一答でアウトプットを重ねてください。",第二種衛生管理者から第一種への学習で最優先すべきことは何ですか？,"公式の試験要項で範囲を固定し、過去問で現在地を把握したあと、間違えた論点を用語解説で補強する流れが最優先です。

教材を増やすより、同じ過去問を質の高い復習で回す方が得点につながります。",benkyou-jikan:勉強時間;rodoeisei-benkyou:労働衛生,公式情報はどこで確認すればよいですか？,"安全衛生技術試験協会（https://www.exam.or.jp/）および厚生労働省の労働安全衛生関連ページで、試験日程・受験資格・合格基準の最新版を確認してください。

本記事は学習用の整理であり、制度改正時は必ず原文・公式案内を優先してください。",この記事のあとに何を学習するとよいですか？,"関連する試験ガイドと用語解説を1〜2本読み、続けて同テーマの過去問を解いて定着させてください。

誤りの理由までメモできる状態が、本番での安定につながります。"
orig-mondai-guide,独学対策,第一種衛生管理者・オリジナル問題の使い方【本番前の実力チェック】,一衛マスターのオリジナル問題演習の活用法。過去問との違い、いつ解くべきかを解説します。,"過去問に加え、オリジナル問題で「見たことのない切り口」を試すと、本番での応用力が身につきやすくなります。一衛マスターでは学習トップのオリジナルモードから利用できます。

現場の衛生管理者・受験生の双方に役立つよう、第一種衛生管理者試験の出題傾向と学習の進め方をあわせて整理しています。

現場の衛生管理者・受験生の双方に役立つよう、第一種衛生管理者試験の出題傾向と学習の進め方をあわせて整理しています。

現場の衛生管理者・受験生の双方に役立つよう、第一種衛生管理者試験の出題傾向と学習の進め方をあわせて整理しています。",260,第一種衛生管理者;試験ガイド,一衛マスター編集部,第一種衛生管理者試験の学習コンテンツを整理する編集チーム,一衛マスター確認担当,公開前に公式情報と内部リンクを確認,2026-05-19,安全衛生技術試験協会（公式）|https://www.exam.or.jp/,旧 articles/*.html から移行,第一種衛生管理者・オリジナル問題の使い方【本番前の実力チェック】について試験前に整理したい,公式情報を確認する;関連用語と過去問で定着する,試験要項・公式情報の改定時に見直す,2026-05-19,2026-08-18,2026-05-19,published,migrate_import_data.py で移行,この記事でわかること,"本記事は、第一種衛生管理者試験の受験生向けに「第一種衛生管理者・オリジナル問題の使い方」を整理したガイドです（ジャンル：独学対策）。

過去問に加え、オリジナル問題で「見たことのない切り口」を試すと、本番での応用力が身につきやすくなります。一衛マスターでは学習トップのオリジナルモードから利用できます。

現場の衛生管理者・受験生の双方に役立つよう、第一種衛生管理者試験の出題傾向と学習の進め方をあわせて整理しています。

現場の衛生管理者・受験生の双方に役立つよう、第一種衛生管理者試験の出題傾向と学習の進め方をあわせて整理しています。

数値・期限・公式情報は年度で変わることがあるため、受験前には必ず試験実施団体の最新案内も確認してください。",実践演習の使い方,"本番形式に近いペースで解き、時間配分とマーク漏れの癖を直す段階で使います。

過去問で論点は押さえたあと、総合力チェックとして500問規模の演習を活用してください。",過去問・用語解説のつなげ方,"「第一種衛生管理者・オリジナル問題の使い方」のテーマは、過去問で「正しい説明に似せた誤り」として繰り返し出題されます。

一衛マスターで該当分野の問題を解いたあと、間違えた選択肢のキーワードで用語解説一覧を検索し、定義・数値・主体の違いを1行メモにまとめてください。

同じミスを3回以上繰り返す場合は、分野別の試験ガイド記事に戻り、表やチェックリストで整理し直すと改善が早いです。",学習チェックリスト,□ 公式の試験要項で最新の範囲・日程を確認した;□ 本記事の要点を読み、関連する用語解説を2語以上読んだ;□ 同テーマの過去問を5問以上解き、誤りの理由をメモした;□ 数値・期限・主体の入れ替えに弱い場合は、カードに書き直した;□ 独学対策の記事をもう1本読み、学習の抜け道がないか確認した,受験生がつまずきやすい点,"【専門家の視点】独学では「演習量」と「誤りの分析」の質が成果を分けます。

テキストを何度読んでも、過去問で誤った選択肢の理由を言語化できなければ本番で同じミスを繰り返しやすくなります。",,,,,第一種衛生管理者・オリジナル問題の使い方は独学でも十分に対策できますか？,"はい。過去問演習・用語解説・計画的な復習があれば独学でも合格は十分可能です。

本記事の要点を押さえたうえで、一衛マスターの過去問・一問一答でアウトプットを重ねてください。",第一種衛生管理者・オリジナル問題の使い方の学習で最優先すべきことは何ですか？,"公式の試験要項で範囲を固定し、過去問で現在地を把握したあと、間違えた論点を用語解説で補強する流れが最優先です。

教材を増やすより、同じ過去問を質の高い復習で回す方が得点につながります。",kakomon-kakaikata:過去問;dokugaku-guide:独学,公式情報はどこで確認すればよいですか？,"安全衛生技術試験協会（https://www.exam.or.jp/）および厚生労働省の労働安全衛生関連ページで、試験日程・受験資格・合格基準の最新版を確認してください。

本記事は学習用の整理であり、制度改正時は必ず原文・公式案内を優先してください。",この記事のあとに何を学習するとよいですか？,"関連する試験ガイドと用語解説を1〜2本読み、続けて同テーマの過去問を解いて定着させてください。

誤りの理由までメモできる状態が、本番での安定につながります。"
rodoeisei-benkyou,分野別対策,第一種衛生管理者・労働衛生の勉強法【有害業務・化学物質の重点】,第一種衛生管理者試験の労働衛生分野（有害業務・有害以外）の勉強の進め方、頻出テーマ、過去問の使い方を解説します。,"労働衛生は、職場の有害因子と健康影響・対策を問う分野です。第一種では有害業務に関する問題が多く、第二種からのステップアップではここに最も時間を使う人が多いです。

現場の衛生管理者・受験生の双方に役立つよう、第一種衛生管理者試験の出題傾向と学習の進め方をあわせて整理しています。

現場の衛生管理者・受験生の双方に役立つよう、第一種衛生管理者試験の出題傾向と学習の進め方をあわせて整理しています。

現場の衛生管理者・受験生の双方に役立つよう、第一種衛生管理者試験の出題傾向と学習の進め方をあわせて整理しています。",270,第一種衛生管理者;試験ガイド,一衛マスター編集部,第一種衛生管理者試験の学習コンテンツを整理する編集チーム,一衛マスター確認担当,公開前に公式情報と内部リンクを確認,2026-05-19,安全衛生技術試験協会（公式）|https://www.exam.or.jp/,旧 articles/*.html から移行,第一種衛生管理者・労働衛生の勉強法【有害業務・化学物質の重点】について試験前に整理したい,公式情報を確認する;関連用語と過去問で定着する,試験要項・公式情報の改定時に見直す,2026-05-19,2026-08-18,2026-05-19,published,migrate_import_data.py で移行,この記事でわかること,"本記事は、第一種衛生管理者試験の受験生向けに「第一種衛生管理者・労働衛生の勉強法」を整理したガイドです（ジャンル：分野別対策）。

労働衛生は、職場の有害因子と健康影響・対策を問う分野です。第一種では有害業務に関する問題が多く、第二種からのステップアップではここに最も時間を使う人が多いです。

現場の衛生管理者・受験生の双方に役立つよう、第一種衛生管理者試験の出題傾向と学習の進め方をあわせて整理しています。

現場の衛生管理者・受験生の双方に役立つよう、第一種衛生管理者試験の出題傾向と学習の進め方をあわせて整理しています。

数値・期限・公式情報は年度で変わることがあるため、受験前には必ず試験実施団体の最新案内も確認してください。",労働衛生（有害業務）の重点,"化学物質・粉じん・鉛・有機溶剤・作業環境測定・健康診断・保護具が柱です。

ばく露の評価から対策までの流れを図にし、単独対策の誤りを意識的に除外する練習をします。",過去問・用語解説のつなげ方,"「第一種衛生管理者・労働衛生の勉強法」のテーマは、過去問で「正しい説明に似せた誤り」として繰り返し出題されます。

一衛マスターで該当分野の問題を解いたあと、間違えた選択肢のキーワードで用語解説一覧を検索し、定義・数値・主体の違いを1行メモにまとめてください。

同じミスを3回以上繰り返す場合は、分野別の試験ガイド記事に戻り、表やチェックリストで整理し直すと改善が早いです。",学習チェックリスト,□ 公式の試験要項で最新の範囲・日程を確認した;□ 本記事の要点を読み、関連する用語解説を2語以上読んだ;□ 同テーマの過去問を5問以上解き、誤りの理由をメモした;□ 数値・期限・主体の入れ替えに弱い場合は、カードに書き直した;□ 分野別対策の記事をもう1本読み、学習の抜け道がないか確認した,受験生がつまずきやすい点,"【専門家の視点】分野別記事は、過去問で「関連する複数制度」を同時に問う形式に備えるためのものです。

単一の用語暗記ではなく、選任・測定・健診・教育のどれが抜けているかを見抜く力が合格ラインになります。",,,,,第一種衛生管理者・労働衛生の勉強法は独学でも十分に対策できますか？,"はい。過去問演習・用語解説・計画的な復習があれば独学でも合格は十分可能です。

本記事の要点を押さえたうえで、一衛マスターの過去問・一問一答でアウトプットを重ねてください。",第一種衛生管理者・労働衛生の勉強法の学習で最優先すべきことは何ですか？,"公式の試験要項で範囲を固定し、過去問で現在地を把握したあと、間違えた論点を用語解説で補強する流れが最優先です。

教材を増やすより、同じ過去問を質の高い復習で回す方が得点につながります。",kagaku-busshitsu-taisaku:化学物質;funjin-sokutei-matome:粉じん,公式情報はどこで確認すればよいですか？,"安全衛生技術試験協会（https://www.exam.or.jp/）および厚生労働省の労働安全衛生関連ページで、試験日程・受験資格・合格基準の最新版を確認してください。

本記事は学習用の整理であり、制度改正時は必ず原文・公式案内を優先してください。",この記事のあとに何を学習するとよいですか？,"関連する試験ガイドと用語解説を1〜2本読み、続けて同テーマの過去問を解いて定着させてください。

誤りの理由までメモできる状態が、本番での安定につながります。"
rodoseiri-benkyou,分野別対策,第一種衛生管理者・労働生理の勉強法【計算と生理のつながり】,第一種衛生管理者試験の労働生理分野の勉強法。計算問題・グラフ・生理現象の理解のコツを解説します。,"労働生理は、人体の機能と職場環境・作業負荷の関係を問う分野です。感覚的に覚えるより、生理の流れ（例：酸素運搬→エネルギー代謝）でつなげると理解が深まります。

現場の衛生管理者・受験生の双方に役立つよう、第一種衛生管理者試験の出題傾向と学習の進め方をあわせて整理しています。

現場の衛生管理者・受験生の双方に役立つよう、第一種衛生管理者試験の出題傾向と学習の進め方をあわせて整理しています。

現場の衛生管理者・受験生の双方に役立つよう、第一種衛生管理者試験の出題傾向と学習の進め方をあわせて整理しています。",280,第一種衛生管理者;試験ガイド,一衛マスター編集部,第一種衛生管理者試験の学習コンテンツを整理する編集チーム,一衛マスター確認担当,公開前に公式情報と内部リンクを確認,2026-05-19,安全衛生技術試験協会（公式）|https://www.exam.or.jp/,旧 articles/*.html から移行,第一種衛生管理者・労働生理の勉強法【計算と生理のつながり】について試験前に整理したい,公式情報を確認する;関連用語と過去問で定着する,試験要項・公式情報の改定時に見直す,2026-05-19,2026-08-18,2026-05-19,published,migrate_import_data.py で移行,この記事でわかること,"本記事は、第一種衛生管理者試験の受験生向けに「第一種衛生管理者・労働生理の勉強法」を整理したガイドです（ジャンル：分野別対策）。

労働生理は、人体の機能と職場環境・作業負荷の関係を問う分野です。感覚的に覚えるより、生理の流れ（例：酸素運搬→エネルギー代謝）でつなげると理解が深まります。

現場の衛生管理者・受験生の双方に役立つよう、第一種衛生管理者試験の出題傾向と学習の進め方をあわせて整理しています。

現場の衛生管理者・受験生の双方に役立つよう、第一種衛生管理者試験の出題傾向と学習の進め方をあわせて整理しています。

数値・期限・公式情報は年度で変わることがあるため、受験前には必ず試験実施団体の最新案内も確認してください。",労働生理の重点,"代謝・呼吸・循環・神経・温熱・検査の感度・特異度など、定義と計算の両方があります。

グラフ読み取りは「軸の意味」を先に言語化し、式の暗記はその後に行うと安定します。",過去問・用語解説のつなげ方,"「第一種衛生管理者・労働生理の勉強法」のテーマは、過去問で「正しい説明に似せた誤り」として繰り返し出題されます。

一衛マスターで該当分野の問題を解いたあと、間違えた選択肢のキーワードで用語解説一覧を検索し、定義・数値・主体の違いを1行メモにまとめてください。

同じミスを3回以上繰り返す場合は、分野別の試験ガイド記事に戻り、表やチェックリストで整理し直すと改善が早いです。",学習チェックリスト,□ 公式の試験要項で最新の範囲・日程を確認した;□ 本記事の要点を読み、関連する用語解説を2語以上読んだ;□ 同テーマの過去問を5問以上解き、誤りの理由をメモした;□ 数値・期限・主体の入れ替えに弱い場合は、カードに書き直した;□ 分野別対策の記事をもう1本読み、学習の抜け道がないか確認した,受験生がつまずきやすい点,"【専門家の視点】分野別記事は、過去問で「関連する複数制度」を同時に問う形式に備えるためのものです。

単一の用語暗記ではなく、選任・測定・健診・教育のどれが抜けているかを見抜く力が合格ラインになります。",,,,,第一種衛生管理者・労働生理の勉強法は独学でも十分に対策できますか？,"はい。過去問演習・用語解説・計画的な復習があれば独学でも合格は十分可能です。

本記事の要点を押さえたうえで、一衛マスターの過去問・一問一答でアウトプットを重ねてください。",第一種衛生管理者・労働生理の勉強法の学習で最優先すべきことは何ですか？,"公式の試験要項で範囲を固定し、過去問で現在地を把握したあと、間違えた論点を用語解説で補強する流れが最優先です。

教材を増やすより、同じ過去問を質の高い復習で回す方が得点につながります。",netchu-wbgt-guide:温熱;shiken-kamoku:試験科目,公式情報はどこで確認すればよいですか？,"安全衛生技術試験協会（https://www.exam.or.jp/）および厚生労働省の労働安全衛生関連ページで、試験日程・受験資格・合格基準の最新版を確認してください。

本記事は学習用の整理であり、制度改正時は必ず原文・公式案内を優先してください。",この記事のあとに何を学習するとよいですか？,"関連する試験ガイドと用語解説を1〜2本読み、続けて同テーマの過去問を解いて定着させてください。

誤りの理由までメモできる状態が、本番での安定につながります。"
saijuken-guide,受験・申込,第一種衛生管理者・不合格後の再受験ガイド【切り替えと弱点克服】,第一種衛生管理者試験に不合格だった場合の再受験の進め方。得点分布の見方、弱点科目の立て直しを解説します。,"不合格は「実力不足の断定」ではなく、その回の得点分布と自分の弱点を分析する材料です。感情の切り替えのあと、データに基づいて次の受験計画を立てましょう。

現場の衛生管理者・受験生の双方に役立つよう、第一種衛生管理者試験の出題傾向と学習の進め方をあわせて整理しています。

現場の衛生管理者・受験生の双方に役立つよう、第一種衛生管理者試験の出題傾向と学習の進め方をあわせて整理しています。

現場の衛生管理者・受験生の双方に役立つよう、第一種衛生管理者試験の出題傾向と学習の進め方をあわせて整理しています。",290,第一種衛生管理者;試験ガイド,一衛マスター編集部,第一種衛生管理者試験の学習コンテンツを整理する編集チーム,一衛マスター確認担当,公開前に公式情報と内部リンクを確認,2026-05-19,安全衛生技術試験協会（公式）|https://www.exam.or.jp/,旧 articles/*.html から移行,第一種衛生管理者・不合格後の再受験ガイド【切り替えと弱点克服】について試験前に整理したい,公式情報を確認する;関連用語と過去問で定着する,試験要項・公式情報の改定時に見直す,2026-05-19,2026-08-18,2026-05-19,published,migrate_import_data.py で移行,この記事でわかること,"本記事は、第一種衛生管理者試験の受験生向けに「第一種衛生管理者・不合格後の再受験ガイド」を整理したガイドです（ジャンル：受験・申込）。

不合格は「実力不足の断定」ではなく、その回の得点分布と自分の弱点を分析する材料です。感情の切り替えのあと、データに基づいて次の受験計画を立てましょう。

現場の衛生管理者・受験生の双方に役立つよう、第一種衛生管理者試験の出題傾向と学習の進め方をあわせて整理しています。

現場の衛生管理者・受験生の双方に役立つよう、第一種衛生管理者試験の出題傾向と学習の進め方をあわせて整理しています。

数値・期限・公式情報は年度で変わることがあるため、受験前には必ず試験実施団体の最新案内も確認してください。",再受験の立て直し,"前回の科目別正答率を見直し、足切りだった科目に最優先で時間を配分します。

教材を増やさず、間違えた過去問と用語解説の往復に絞ると改善が早いです。",過去問・用語解説のつなげ方,"「第一種衛生管理者・不合格後の再受験ガイド」のテーマは、過去問で「正しい説明に似せた誤り」として繰り返し出題されます。

一衛マスターで該当分野の問題を解いたあと、間違えた選択肢のキーワードで用語解説一覧を検索し、定義・数値・主体の違いを1行メモにまとめてください。

同じミスを3回以上繰り返す場合は、分野別の試験ガイド記事に戻り、表やチェックリストで整理し直すと改善が早いです。",学習チェックリスト,□ 公式の試験要項で最新の範囲・日程を確認した;□ 本記事の要点を読み、関連する用語解説を2語以上読んだ;□ 同テーマの過去問を5問以上解き、誤りの理由をメモした;□ 数値・期限・主体の入れ替えに弱い場合は、カードに書き直した;□ 受験・申込の記事をもう1本読み、学習の抜け道がないか確認した,受験生がつまずきやすい点,"【専門家の視点】試験制度の理解は、学習の土台です。

受験資格・合格基準・申込手続の誤解は、勉強開始前に必ず解消してください。公式の試験要項が最優先の情報源です。",,,,,第一種衛生管理者・不合格後の再受験ガイドは独学でも十分に対策できますか？,"はい。過去問演習・用語解説・計画的な復習があれば独学でも合格は十分可能です。

本記事の要点を押さえたうえで、一衛マスターの過去問・一問一答でアウトプットを重ねてください。",第一種衛生管理者・不合格後の再受験ガイドの学習で最優先すべきことは何ですか？,"公式の試験要項で範囲を固定し、過去問で現在地を把握したあと、間違えた論点を用語解説で補強する流れが最優先です。

教材を増やすより、同じ過去問を質の高い復習で回す方が得点につながります。",benkyou-jikan:勉強時間;machigai-chui-ten:間違えやすい論点,公式情報はどこで確認すればよいですか？,"安全衛生技術試験協会（https://www.exam.or.jp/）および厚生労働省の労働安全衛生関連ページで、試験日程・受験資格・合格基準の最新版を確認してください。

本記事は学習用の整理であり、制度改正時は必ず原文・公式案内を優先してください。",この記事のあとに何を学習するとよいですか？,"関連する試験ガイドと用語解説を1〜2本読み、続けて同テーマの過去問を解いて定着させてください。

誤りの理由までメモできる状態が、本番での安定につながります。"
sangyoui-senmon-eisei,試験概要,産業医と衛生管理者の違い【試験範囲と職場での役割】,産業医と衛生管理者（第一種・第二種）の役割の違い、試験で学ぶ範囲の違いを整理します。,"職場の健康管理では産業医と衛生管理者が連携しますが、資格・選任要件・業務内容は異なります。試験学習でも混同しやすいので整理しておきましょう。

現場の衛生管理者・受験生の双方に役立つよう、第一種衛生管理者試験の出題傾向と学習の進め方をあわせて整理しています。

現場の衛生管理者・受験生の双方に役立つよう、第一種衛生管理者試験の出題傾向と学習の進め方をあわせて整理しています。

現場の衛生管理者・受験生の双方に役立つよう、第一種衛生管理者試験の出題傾向と学習の進め方をあわせて整理しています。",300,第一種衛生管理者;試験ガイド,一衛マスター編集部,第一種衛生管理者試験の学習コンテンツを整理する編集チーム,一衛マスター確認担当,公開前に公式情報と内部リンクを確認,2026-05-19,安全衛生技術試験協会（公式）|https://www.exam.or.jp/,旧 articles/*.html から移行,産業医と衛生管理者の違い【試験範囲と職場での役割】について試験前に整理したい,公式情報を確認する;関連用語と過去問で定着する,試験要項・公式情報の改定時に見直す,2026-05-19,2026-08-18,2026-05-19,published,migrate_import_data.py で移行,この記事でわかること,"本記事は、第一種衛生管理者試験の受験生向けに「産業医と衛生管理者の違い」を整理したガイドです（ジャンル：試験概要）。

職場の健康管理では産業医と衛生管理者が連携しますが、資格・選任要件・業務内容は異なります。試験学習でも混同しやすいので整理しておきましょう。

現場の衛生管理者・受験生の双方に役立つよう、第一種衛生管理者試験の出題傾向と学習の進め方をあわせて整理しています。

現場の衛生管理者・受験生の双方に役立つよう、第一種衛生管理者試験の出題傾向と学習の進め方をあわせて整理しています。

数値・期限・公式情報は年度で変わることがあるため、受験前には必ず試験実施団体の最新案内も確認してください。",産業医と衛生管理者の違い,"産業医は医師法に基づく診察・意見、衛生管理者は法令に基づく管理業務が中心です。

選任人数・選任方法・委員会での役割の違いを表に整理してください。",過去問・用語解説のつなげ方,"「産業医と衛生管理者の違い」のテーマは、過去問で「正しい説明に似せた誤り」として繰り返し出題されます。

一衛マスターで該当分野の問題を解いたあと、間違えた選択肢のキーワードで用語解説一覧を検索し、定義・数値・主体の違いを1行メモにまとめてください。

同じミスを3回以上繰り返す場合は、分野別の試験ガイド記事に戻り、表やチェックリストで整理し直すと改善が早いです。",学習チェックリスト,□ 公式の試験要項で最新の範囲・日程を確認した;□ 本記事の要点を読み、関連する用語解説を2語以上読んだ;□ 同テーマの過去問を5問以上解き、誤りの理由をメモした;□ 数値・期限・主体の入れ替えに弱い場合は、カードに書き直した;□ 試験概要の記事をもう1本読み、学習の抜け道がないか確認した,受験生がつまずきやすい点,"【専門家の視点】試験制度の理解は、学習の土台です。

受験資格・合格基準・申込手続の誤解は、勉強開始前に必ず解消してください。公式の試験要項が最優先の情報源です。",,,,,産業医と衛生管理者の違いは独学でも十分に対策できますか？,"はい。過去問演習・用語解説・計画的な復習があれば独学でも合格は十分可能です。

本記事の要点を押さえたうえで、一衛マスターの過去問・一問一答でアウトプットを重ねてください。",産業医と衛生管理者の違いの学習で最優先すべきことは何ですか？,"公式の試験要項で範囲を固定し、過去問で現在地を把握したあと、間違えた論点を用語解説で補強する流れが最優先です。

教材を増やすより、同じ過去問を質の高い復習で回す方が得点につながります。",anzen-eisei-taisei:管理体制;eisei-kanrisha-gyoumu:衛生管理者,公式情報はどこで確認すればよいですか？,"安全衛生技術試験協会（https://www.exam.or.jp/）および厚生労働省の労働安全衛生関連ページで、試験日程・受験資格・合格基準の最新版を確認してください。

本記事は学習用の整理であり、制度改正時は必ず原文・公式案内を優先してください。",この記事のあとに何を学習するとよいですか？,"関連する試験ガイドと用語解説を1〜2本読み、続けて同テーマの過去問を解いて定着させてください。

誤りの理由までメモできる状態が、本番での安定につながります。"
shiken-guide,試験概要,第一種衛生管理者 試験ガイド【試験概要・受験資格・勉強法まで全体像を整理】,第一種衛生管理者試験の概要、受験資格、試験科目、合格基準、申込方法、勉強の進め方をまとめた試験ガイドです。,"第一種衛生管理者は、すべての業種で衛生管理者として選任されるために使える国家資格です。製造業、建設業、運送業、医療業など、有害業務を含む事業場でも対応できる点が第二種との大きな違いです。

現場の衛生管理者・受験生の双方に役立つよう、第一種衛生管理者試験の出題傾向と学習の進め方をあわせて整理しています。

現場の衛生管理者・受験生の双方に役立つよう、第一種衛生管理者試験の出題傾向と学習の進め方をあわせて整理しています。

現場の衛生管理者・受験生の双方に役立つよう、第一種衛生管理者試験の出題傾向と学習の進め方をあわせて整理しています。",310,第一種衛生管理者;試験ガイド,一衛マスター編集部,第一種衛生管理者試験の学習コンテンツを整理する編集チーム,一衛マスター確認担当,公開前に公式情報と内部リンクを確認,2026-05-14,安全衛生技術試験協会（公式）|https://www.exam.or.jp/,旧 articles/*.html から移行,第一種衛生管理者 試験ガイド【試験概要・受験資格・勉強法まで全体像を整理】について試験前に整理したい,公式情報を確認する;関連用語と過去問で定着する,試験要項・公式情報の改定時に見直す,2026-05-14,2026-08-18,2026-05-14,published,migrate_import_data.py で移行,この記事でわかること,"本記事は、第一種衛生管理者試験の受験生向けに「第一種衛生管理者 試験ガイド」を整理したガイドです（ジャンル：試験概要）。

第一種衛生管理者は、すべての業種で衛生管理者として選任されるために使える国家資格です。製造業、建設業、運送業、医療業など、有害業務を含む事業場でも対応できる点が第二種との大きな違いです。

現場の衛生管理者・受験生の双方に役立つよう、第一種衛生管理者試験の出題傾向と学習の進め方をあわせて整理しています。

現場の衛生管理者・受験生の双方に役立つよう、第一種衛生管理者試験の出題傾向と学習の進め方をあわせて整理しています。

数値・期限・公式情報は年度で変わることがあるため、受験前には必ず試験実施団体の最新案内も確認してください。",試験の全体像,"第一種衛生管理者試験は、労働衛生の実務経験と学歴に応じた受験資格のもとで受験します。

5区分44問、マークシート、年2回（例年4月・10月、要公式確認）が基本です。",合格までの学習設計,"概要把握→過去問→弱点の用語・分野別記事→直前の数値総仕上げ、の流れが王道です。

関連する試験ガイド・用語解説・過去問を行き来し、独学でも計画性を持てるようにします。",過去問・用語解説のつなげ方,"「第一種衛生管理者 試験ガイド」のテーマは、過去問で「正しい説明に似せた誤り」として繰り返し出題されます。

一衛マスターで該当分野の問題を解いたあと、間違えた選択肢のキーワードで用語解説一覧を検索し、定義・数値・主体の違いを1行メモにまとめてください。

同じミスを3回以上繰り返す場合は、分野別の試験ガイド記事に戻り、表やチェックリストで整理し直すと改善が早いです。",学習チェックリスト,□ 公式の試験要項で最新の範囲・日程を確認した;□ 本記事の要点を読み、関連する用語解説を2語以上読んだ;□ 同テーマの過去問を5問以上解き、誤りの理由をメモした;□ 数値・期限・主体の入れ替えに弱い場合は、カードに書き直した;□ 試験概要の記事をもう1本読み、学習の抜け道がないか確認した,受験生がつまずきやすい点,"【専門家の視点】試験制度の理解は、学習の土台です。

受験資格・合格基準・申込手続の誤解は、勉強開始前に必ず解消してください。公式の試験要項が最優先の情報源です。",,,第一種衛生管理者 試験ガイドは独学でも十分に対策できますか？,"はい。過去問演習・用語解説・計画的な復習があれば独学でも合格は十分可能です。

本記事の要点を押さえたうえで、一衛マスターの過去問・一問一答でアウトプットを重ねてください。",第一種衛生管理者 試験ガイドの学習で最優先すべきことは何ですか？,"公式の試験要項で範囲を固定し、過去問で現在地を把握したあと、間違えた論点を用語解説で補強する流れが最優先です。

教材を増やすより、同じ過去問を質の高い復習で回す方が得点につながります。",juken-shikaku:受験資格;shiken-kamoku:試験科目;benkyou-junban:勉強の順番,公式情報はどこで確認すればよいですか？,"安全衛生技術試験協会（https://www.exam.or.jp/）および厚生労働省の労働安全衛生関連ページで、試験日程・受験資格・合格基準の最新版を確認してください。

本記事は学習用の整理であり、制度改正時は必ず原文・公式案内を優先してください。",この記事のあとに何を学習するとよいですか？,"関連する試験ガイドと用語解説を1〜2本読み、続けて同テーマの過去問を解いて定着させてください。

誤りの理由までメモできる状態が、本番での安定につながります。"
shiken-kamoku,試験概要,第一種衛生管理者の試験科目・出題範囲【5区分44問・配点・頻出テーマ一覧】,第一種衛生管理者の試験科目は5区分44問。関係法令、労働衛生、労働生理の配点と頻出テーマを整理します。,"第一種衛生管理者試験は、合計44問で構成されます。大きく見ると「関係法令」「労働衛生」「労働生理」の3分野ですが、第一種では有害業務に係るものと、それ以外のものが分かれて出題されます。

現場の衛生管理者・受験生の双方に役立つよう、第一種衛生管理者試験の出題傾向と学習の進め方をあわせて整理しています。

現場の衛生管理者・受験生の双方に役立つよう、第一種衛生管理者試験の出題傾向と学習の進め方をあわせて整理しています。

現場の衛生管理者・受験生の双方に役立つよう、第一種衛生管理者試験の出題傾向と学習の進め方をあわせて整理しています。",320,第一種衛生管理者;試験ガイド,一衛マスター編集部,第一種衛生管理者試験の学習コンテンツを整理する編集チーム,一衛マスター確認担当,公開前に公式情報と内部リンクを確認,2026-05-18,安全衛生技術試験協会（公式）|https://www.exam.or.jp/,旧 articles/*.html から移行,第一種衛生管理者の試験科目・出題範囲【5区分44問・配点・頻出テーマ一覧】について試験前に整理したい,公式情報を確認する;関連用語と過去問で定着する,試験要項・公式情報の改定時に見直す,2026-05-18,2026-08-18,2026-05-18,published,migrate_import_data.py で移行,この記事でわかること,"本記事は、第一種衛生管理者試験の受験生向けに「第一種衛生管理者の試験科目・出題範囲」を整理したガイドです（ジャンル：試験概要）。

第一種衛生管理者試験は、合計44問で構成されます。大きく見ると「関係法令」「労働衛生」「労働生理」の3分野ですが、第一種では有害業務に係るものと、それ以外のものが分かれて出題されます。

現場の衛生管理者・受験生の双方に役立つよう、第一種衛生管理者試験の出題傾向と学習の進め方をあわせて整理しています。

現場の衛生管理者・受験生の双方に役立つよう、第一種衛生管理者試験の出題傾向と学習の進め方をあわせて整理しています。

数値・期限・公式情報は年度で変わることがあるため、受験前には必ず試験実施団体の最新案内も確認してください。",5区分44問の内訳,"関係法令（労働安全衛生法ほか）、労働衛生（有害・有害以外）、労働生理に分かれます。

試験要項の最新版で配点・問題数を必ず確認し、表にまとめてください。",過去問・用語解説のつなげ方,"「第一種衛生管理者の試験科目・出題範囲」のテーマは、過去問で「正しい説明に似せた誤り」として繰り返し出題されます。

一衛マスターで該当分野の問題を解いたあと、間違えた選択肢のキーワードで用語解説一覧を検索し、定義・数値・主体の違いを1行メモにまとめてください。

同じミスを3回以上繰り返す場合は、分野別の試験ガイド記事に戻り、表やチェックリストで整理し直すと改善が早いです。",学習チェックリスト,□ 公式の試験要項で最新の範囲・日程を確認した;□ 本記事の要点を読み、関連する用語解説を2語以上読んだ;□ 同テーマの過去問を5問以上解き、誤りの理由をメモした;□ 数値・期限・主体の入れ替えに弱い場合は、カードに書き直した;□ 試験概要の記事をもう1本読み、学習の抜け道がないか確認した,受験生がつまずきやすい点,"【専門家の視点】試験制度の理解は、学習の土台です。

受験資格・合格基準・申込手続の誤解は、勉強開始前に必ず解消してください。公式の試験要項が最優先の情報源です。",,,,,第一種衛生管理者の試験科目・出題範囲は独学でも十分に対策できますか？,"はい。過去問演習・用語解説・計画的な復習があれば独学でも合格は十分可能です。

本記事の要点を押さえたうえで、一衛マスターの過去問・一問一答でアウトプットを重ねてください。",第一種衛生管理者の試験科目・出題範囲の学習で最優先すべきことは何ですか？,"公式の試験要項で範囲を固定し、過去問で現在地を把握したあと、間違えた論点を用語解説で補強する流れが最優先です。

教材を増やすより、同じ過去問を質の高い復習で回す方が得点につながります。",goukaku-kijun:合格基準;kakomon-theme-frequency:出題傾向,公式情報はどこで確認すればよいですか？,"安全衛生技術試験協会（https://www.exam.or.jp/）および厚生労働省の労働安全衛生関連ページで、試験日程・受験資格・合格基準の最新版を確認してください。

本記事は学習用の整理であり、制度改正時は必ず原文・公式案内を優先してください。",この記事のあとに何を学習するとよいですか？,"関連する試験ガイドと用語解説を1〜2本読み、続けて同テーマの過去問を解いて定着させてください。

誤りの理由までメモできる状態が、本番での安定につながります。"
shiken-mondai-keishiki,試験概要,第一種衛生管理者試験の問題形式・時間配分【44問・5区分の進め方】,第一種衛生管理者試験の出題形式、5区分の並び、44問の時間配分の目安を解説します。,"第一種衛生管理者試験は、おおむね5区分・合計44問のマークシート方式です（年度により細部は異なるため、最新の試験要項を確認してください）。

現場の衛生管理者・受験生の双方に役立つよう、第一種衛生管理者試験の出題傾向と学習の進め方をあわせて整理しています。

現場の衛生管理者・受験生の双方に役立つよう、第一種衛生管理者試験の出題傾向と学習の進め方をあわせて整理しています。

現場の衛生管理者・受験生の双方に役立つよう、第一種衛生管理者試験の出題傾向と学習の進め方をあわせて整理しています。",330,第一種衛生管理者;試験ガイド,一衛マスター編集部,第一種衛生管理者試験の学習コンテンツを整理する編集チーム,一衛マスター確認担当,公開前に公式情報と内部リンクを確認,2026-05-19,安全衛生技術試験協会（公式）|https://www.exam.or.jp/,旧 articles/*.html から移行,第一種衛生管理者試験の問題形式・時間配分【44問・5区分の進め方】について試験前に整理したい,公式情報を確認する;関連用語と過去問で定着する,試験要項・公式情報の改定時に見直す,2026-05-19,2026-08-18,2026-05-19,published,migrate_import_data.py で移行,この記事でわかること,"本記事は、第一種衛生管理者試験の受験生向けに「第一種衛生管理者試験の問題形式・時間配分」を整理したガイドです（ジャンル：試験概要）。

第一種衛生管理者試験は、おおむね5区分・合計44問のマークシート方式です（年度により細部は異なるため、最新の試験要項を確認してください）。

現場の衛生管理者・受験生の双方に役立つよう、第一種衛生管理者試験の出題傾向と学習の進め方をあわせて整理しています。

現場の衛生管理者・受験生の双方に役立つよう、第一種衛生管理者試験の出題傾向と学習の進め方をあわせて整理しています。

数値・期限・公式情報は年度で変わることがあるため、受験前には必ず試験実施団体の最新案内も確認してください。",問題形式と時間配分,"四肢択一が中心で、組み合わせ・計算・表の読み取りが混ざります。

120分・44問を意識し、模試または過去問で時間を計って解く習慣をつけましょう。",過去問・用語解説のつなげ方,"「第一種衛生管理者試験の問題形式・時間配分」のテーマは、過去問で「正しい説明に似せた誤り」として繰り返し出題されます。

一衛マスターで該当分野の問題を解いたあと、間違えた選択肢のキーワードで用語解説一覧を検索し、定義・数値・主体の違いを1行メモにまとめてください。

同じミスを3回以上繰り返す場合は、分野別の試験ガイド記事に戻り、表やチェックリストで整理し直すと改善が早いです。",学習チェックリスト,□ 公式の試験要項で最新の範囲・日程を確認した;□ 本記事の要点を読み、関連する用語解説を2語以上読んだ;□ 同テーマの過去問を5問以上解き、誤りの理由をメモした;□ 数値・期限・主体の入れ替えに弱い場合は、カードに書き直した;□ 試験概要の記事をもう1本読み、学習の抜け道がないか確認した,受験生がつまずきやすい点,"【専門家の視点】試験制度の理解は、学習の土台です。

受験資格・合格基準・申込手続の誤解は、勉強開始前に必ず解消してください。公式の試験要項が最優先の情報源です。",,,,,第一種衛生管理者試験の問題形式・時間配分は独学でも十分に対策できますか？,"はい。過去問演習・用語解説・計画的な復習があれば独学でも合格は十分可能です。

本記事の要点を押さえたうえで、一衛マスターの過去問・一問一答でアウトプットを重ねてください。",第一種衛生管理者試験の問題形式・時間配分の学習で最優先すべきことは何ですか？,"公式の試験要項で範囲を固定し、過去問で現在地を把握したあと、間違えた論点を用語解説で補強する流れが最優先です。

教材を増やすより、同じ過去問を質の高い復習で回す方が得点につながります。",kakomon-kakaikata:過去問;chokuzen-1shukan:直前1週間,公式情報はどこで確認すればよいですか？,"安全衛生技術試験協会（https://www.exam.or.jp/）および厚生労働省の労働安全衛生関連ページで、試験日程・受験資格・合格基準の最新版を確認してください。

本記事は学習用の整理であり、制度改正時は必ず原文・公式案内を優先してください。",この記事のあとに何を学習するとよいですか？,"関連する試験ガイドと用語解説を1〜2本読み、続けて同テーマの過去問を解いて定着させてください。

誤りの理由までメモできる状態が、本番での安定につながります。"
shiken-tojitsu-mochimono,試験概要,第一種衛生管理者 試験当日の持ち物・注意事項・会場での過ごし方,第一種衛生管理者試験の当日に必要な持ち物、会場での注意点、試験前に確認したいことをまとめます。,"試験当日は、知識だけでなく持ち物や会場までの移動も重要です。忘れ物や時間の勘違いで焦らないよう、前日までに確認しておきましょう。

現場の衛生管理者・受験生の双方に役立つよう、第一種衛生管理者試験の出題傾向と学習の進め方をあわせて整理しています。

現場の衛生管理者・受験生の双方に役立つよう、第一種衛生管理者試験の出題傾向と学習の進め方をあわせて整理しています。

現場の衛生管理者・受験生の双方に役立つよう、第一種衛生管理者試験の出題傾向と学習の進め方をあわせて整理しています。",340,第一種衛生管理者;試験ガイド,一衛マスター編集部,第一種衛生管理者試験の学習コンテンツを整理する編集チーム,一衛マスター確認担当,公開前に公式情報と内部リンクを確認,2026-05-14,安全衛生技術試験協会（公式）|https://www.exam.or.jp/,旧 articles/*.html から移行,第一種衛生管理者 試験当日の持ち物・注意事項・会場での過ごし方について試験前に整理したい,公式情報を確認する;関連用語と過去問で定着する,試験要項・公式情報の改定時に見直す,2026-05-14,2026-08-18,2026-05-14,published,migrate_import_data.py で移行,この記事でわかること,"本記事は、第一種衛生管理者試験の受験生向けに「第一種衛生管理者 試験当日の持ち物・注意事項・会場での過ごし方」を整理したガイドです（ジャンル：試験概要）。

試験当日は、知識だけでなく持ち物や会場までの移動も重要です。忘れ物や時間の勘違いで焦らないよう、前日までに確認しておきましょう。

現場の衛生管理者・受験生の双方に役立つよう、第一種衛生管理者試験の出題傾向と学習の進め方をあわせて整理しています。

現場の衛生管理者・受験生の双方に役立つよう、第一種衛生管理者試験の出題傾向と学習の進め方をあわせて整理しています。

数値・期限・公式情報は年度で変わることがあるため、受験前には必ず試験実施団体の最新案内も確認してください。",当日の持ち物・注意,"受験票・身分証・黒の鉛筆（シャープ）など、年度ごとの指定を確認します。

会場到着は余裕を持ち、開始直前の新しい論点のインプットは避けてください。",過去問・用語解説のつなげ方,"「第一種衛生管理者 試験当日の持ち物・注意事項・会場での過ごし方」のテーマは、過去問で「正しい説明に似せた誤り」として繰り返し出題されます。

一衛マスターで該当分野の問題を解いたあと、間違えた選択肢のキーワードで用語解説一覧を検索し、定義・数値・主体の違いを1行メモにまとめてください。

同じミスを3回以上繰り返す場合は、分野別の試験ガイド記事に戻り、表やチェックリストで整理し直すと改善が早いです。",学習チェックリスト,□ 公式の試験要項で最新の範囲・日程を確認した;□ 本記事の要点を読み、関連する用語解説を2語以上読んだ;□ 同テーマの過去問を5問以上解き、誤りの理由をメモした;□ 数値・期限・主体の入れ替えに弱い場合は、カードに書き直した;□ 試験概要の記事をもう1本読み、学習の抜け道がないか確認した,受験生がつまずきやすい点,"【専門家の視点】試験制度の理解は、学習の土台です。

受験資格・合格基準・申込手続の誤解は、勉強開始前に必ず解消してください。公式の試験要項が最優先の情報源です。",,,,,第一種衛生管理者 試験当日の持ち物・注意事項・会場での過ごし方は独学でも十分に対策できますか？,"はい。過去問演習・用語解説・計画的な復習があれば独学でも合格は十分可能です。

本記事の要点を押さえたうえで、一衛マスターの過去問・一問一答でアウトプットを重ねてください。",第一種衛生管理者 試験当日の持ち物・注意事項・会場での過ごし方の学習で最優先すべきことは何ですか？,"公式の試験要項で範囲を固定し、過去問で現在地を把握したあと、間違えた論点を用語解説で補強する流れが最優先です。

教材を増やすより、同じ過去問を質の高い復習で回す方が得点につながります。",moushikomi-nagare:申込み;chokuzen-1shukan:直前1週間,公式情報はどこで確認すればよいですか？,"安全衛生技術試験協会（https://www.exam.or.jp/）および厚生労働省の労働安全衛生関連ページで、試験日程・受験資格・合格基準の最新版を確認してください。

本記事は学習用の整理であり、制度改正時は必ず原文・公式案内を優先してください。",この記事のあとに何を学習するとよいですか？,"関連する試験ガイドと用語解説を1〜2本読み、続けて同テーマの過去問を解いて定着させてください。

誤りの理由までメモできる状態が、本番での安定につながります。"
shukkin-dokugaku-jikan,独学対策,仕事しながら第一種衛生管理者を目指す【時間の作り方・学習習慣】,社会人が仕事と両立しながら第一種衛生管理者試験に合格するための時間確保・学習習慣・モチベーション管理を解説します。,"衛生管理者試験の受験者は社会人が多く、毎日まとまった勉強時間が取れない人も少なくありません。短時間の反復と週末の過去問の組み合わせが現実的です。

現場の衛生管理者・受験生の双方に役立つよう、第一種衛生管理者試験の出題傾向と学習の進め方をあわせて整理しています。

現場の衛生管理者・受験生の双方に役立つよう、第一種衛生管理者試験の出題傾向と学習の進め方をあわせて整理しています。

現場の衛生管理者・受験生の双方に役立つよう、第一種衛生管理者試験の出題傾向と学習の進め方をあわせて整理しています。",350,第一種衛生管理者;試験ガイド,一衛マスター編集部,第一種衛生管理者試験の学習コンテンツを整理する編集チーム,一衛マスター確認担当,公開前に公式情報と内部リンクを確認,2026-05-19,安全衛生技術試験協会（公式）|https://www.exam.or.jp/,旧 articles/*.html から移行,仕事しながら第一種衛生管理者を目指す【時間の作り方・学習習慣】について試験前に整理したい,公式情報を確認する;関連用語と過去問で定着する,試験要項・公式情報の改定時に見直す,2026-05-19,2026-08-18,2026-05-19,published,migrate_import_data.py で移行,この記事でわかること,"本記事は、第一種衛生管理者試験の受験生向けに「仕事しながら第一種衛生管理者を目指す」を整理したガイドです（ジャンル：独学対策）。

衛生管理者試験の受験者は社会人が多く、毎日まとまった勉強時間が取れない人も少なくありません。短時間の反復と週末の過去問の組み合わせが現実的です。

現場の衛生管理者・受験生の双方に役立つよう、第一種衛生管理者試験の出題傾向と学習の進め方をあわせて整理しています。

現場の衛生管理者・受験生の双方に役立つよう、第一種衛生管理者試験の出題傾向と学習の進め方をあわせて整理しています。

数値・期限・公式情報は年度で変わることがあるため、受験前には必ず試験実施団体の最新案内も確認してください。",仕事しながらの時間の作り方,"週の学習可能時間を先に見積もり、カレンダーに「過去問○問」の予定をブロックします。

通勤・昼休みは一問一答、夜は過去問と解説、週末は科目まとめ、の役割分担が現実的です。",過去問・用語解説のつなげ方,"「仕事しながら第一種衛生管理者を目指す」のテーマは、過去問で「正しい説明に似せた誤り」として繰り返し出題されます。

一衛マスターで該当分野の問題を解いたあと、間違えた選択肢のキーワードで用語解説一覧を検索し、定義・数値・主体の違いを1行メモにまとめてください。

同じミスを3回以上繰り返す場合は、分野別の試験ガイド記事に戻り、表やチェックリストで整理し直すと改善が早いです。",学習チェックリスト,□ 公式の試験要項で最新の範囲・日程を確認した;□ 本記事の要点を読み、関連する用語解説を2語以上読んだ;□ 同テーマの過去問を5問以上解き、誤りの理由をメモした;□ 数値・期限・主体の入れ替えに弱い場合は、カードに書き直した;□ 独学対策の記事をもう1本読み、学習の抜け道がないか確認した,受験生がつまずきやすい点,"【専門家の視点】独学では「演習量」と「誤りの分析」の質が成果を分けます。

テキストを何度読んでも、過去問で誤った選択肢の理由を言語化できなければ本番で同じミスを繰り返しやすくなります。",,,,,仕事しながら第一種衛生管理者を目指すは独学でも十分に対策できますか？,"はい。過去問演習・用語解説・計画的な復習があれば独学でも合格は十分可能です。

本記事の要点を押さえたうえで、一衛マスターの過去問・一問一答でアウトプットを重ねてください。",仕事しながら第一種衛生管理者を目指すの学習で最優先すべきことは何ですか？,"公式の試験要項で範囲を固定し、過去問で現在地を把握したあと、間違えた論点を用語解説で補強する流れが最優先です。

教材を増やすより、同じ過去問を質の高い復習で回す方が得点につながります。",benkyou-jikan:勉強時間;dokugaku-guide:独学,公式情報はどこで確認すればよいですか？,"安全衛生技術試験協会（https://www.exam.or.jp/）および厚生労働省の労働安全衛生関連ページで、試験日程・受験資格・合格基準の最新版を確認してください。

本記事は学習用の整理であり、制度改正時は必ず原文・公式案内を優先してください。",この記事のあとに何を学習するとよいですか？,"関連する試験ガイドと用語解説を1〜2本読み、続けて同テーマの過去問を解いて定着させてください。

誤りの理由までメモできる状態が、本番での安定につながります。"
stress-check-taisaku,分野別対策,第一種衛生管理者・ストレスチェックの試験対策【メンタルヘルス】,ストレスチェック制度・高ストレス者への対応など、メンタルヘルス関連の試験論点を整理します。,"ストレスチェックは、比較的新しい論点ですが出題が増えています。実施義務・実施方法・結果の取扱い・高ストレス者への措置を整理しましょう。

現場の衛生管理者・受験生の双方に役立つよう、第一種衛生管理者試験の出題傾向と学習の進め方をあわせて整理しています。

現場の衛生管理者・受験生の双方に役立つよう、第一種衛生管理者試験の出題傾向と学習の進め方をあわせて整理しています。

現場の衛生管理者・受験生の双方に役立つよう、第一種衛生管理者試験の出題傾向と学習の進め方をあわせて整理しています。",360,第一種衛生管理者;試験ガイド,一衛マスター編集部,第一種衛生管理者試験の学習コンテンツを整理する編集チーム,一衛マスター確認担当,公開前に公式情報と内部リンクを確認,2026-05-19,安全衛生技術試験協会（公式）|https://www.exam.or.jp/,旧 articles/*.html から移行,第一種衛生管理者・ストレスチェックの試験対策【メンタルヘルス】について試験前に整理したい,公式情報を確認する;関連用語と過去問で定着する,試験要項・公式情報の改定時に見直す,2026-05-19,2026-08-18,2026-05-19,published,migrate_import_data.py で移行,この記事でわかること,"本記事は、第一種衛生管理者試験の受験生向けに「第一種衛生管理者・ストレスチェックの試験対策」を整理したガイドです（ジャンル：分野別対策）。

ストレスチェックは、比較的新しい論点ですが出題が増えています。実施義務・実施方法・結果の取扱い・高ストレス者への措置を整理しましょう。

現場の衛生管理者・受験生の双方に役立つよう、第一種衛生管理者試験の出題傾向と学習の進め方をあわせて整理しています。

現場の衛生管理者・受験生の双方に役立つよう、第一種衛生管理者試験の出題傾向と学習の進め方をあわせて整理しています。

数値・期限・公式情報は年度で変わることがあるため、受験前には必ず試験実施団体の最新案内も確認してください。",ストレスチェックの要点,"実施義務・対象者数・面接指導・集団分析・衛生委員会への報告がセットで出題されます。

個人情報の取扱いと、高ストレス者への措置の流れを図解すると理解が深まります。",過去問・用語解説のつなげ方,"「第一種衛生管理者・ストレスチェックの試験対策」のテーマは、過去問で「正しい説明に似せた誤り」として繰り返し出題されます。

一衛マスターで該当分野の問題を解いたあと、間違えた選択肢のキーワードで用語解説一覧を検索し、定義・数値・主体の違いを1行メモにまとめてください。

同じミスを3回以上繰り返す場合は、分野別の試験ガイド記事に戻り、表やチェックリストで整理し直すと改善が早いです。",学習チェックリスト,□ 公式の試験要項で最新の範囲・日程を確認した;□ 本記事の要点を読み、関連する用語解説を2語以上読んだ;□ 同テーマの過去問を5問以上解き、誤りの理由をメモした;□ 数値・期限・主体の入れ替えに弱い場合は、カードに書き直した;□ 分野別対策の記事をもう1本読み、学習の抜け道がないか確認した,受験生がつまずきやすい点,"【専門家の視点】分野別記事は、過去問で「関連する複数制度」を同時に問う形式に備えるためのものです。

単一の用語暗記ではなく、選任・測定・健診・教育のどれが抜けているかを見抜く力が合格ラインになります。",,,,,第一種衛生管理者・ストレスチェックの試験対策は独学でも十分に対策できますか？,"はい。過去問演習・用語解説・計画的な復習があれば独学でも合格は十分可能です。

本記事の要点を押さえたうえで、一衛マスターの過去問・一問一答でアウトプットを重ねてください。",第一種衛生管理者・ストレスチェックの試験対策の学習で最優先すべきことは何ですか？,"公式の試験要項で範囲を固定し、過去問で現在地を把握したあと、間違えた論点を用語解説で補強する流れが最優先です。

教材を増やすより、同じ過去問を質の高い復習で回す方が得点につながります。",kenko-shindan-guide:健康診断;anzen-eisei-taisei:管理体制,公式情報はどこで確認すればよいですか？,"安全衛生技術試験協会（https://www.exam.or.jp/）および厚生労働省の労働安全衛生関連ページで、試験日程・受験資格・合格基準の最新版を確認してください。

本記事は学習用の整理であり、制度改正時は必ず原文・公式案内を優先してください。",この記事のあとに何を学習するとよいですか？,"関連する試験ガイドと用語解説を1〜2本読み、続けて同テーマの過去問を解いて定着させてください。

誤りの理由までメモできる状態が、本番での安定につながります。"
textbook-senmon,独学対策,第一種衛生管理者のテキスト・通信講座の選び方【独学との併用】,第一種衛生管理者のテキスト・通信講座を選ぶ基準と、独学・一衛マスターとの併用の考え方を解説します。,"第一種衛生管理者は独学でも合格を狙えますが、初めての方はテキストや通信講座で全体像をつかむ選択も多いです。重要なのは「教材を増やしすぎない」ことです。

現場の衛生管理者・受験生の双方に役立つよう、第一種衛生管理者試験の出題傾向と学習の進め方をあわせて整理しています。

現場の衛生管理者・受験生の双方に役立つよう、第一種衛生管理者試験の出題傾向と学習の進め方をあわせて整理しています。

現場の衛生管理者・受験生の双方に役立つよう、第一種衛生管理者試験の出題傾向と学習の進め方をあわせて整理しています。",370,第一種衛生管理者;試験ガイド,一衛マスター編集部,第一種衛生管理者試験の学習コンテンツを整理する編集チーム,一衛マスター確認担当,公開前に公式情報と内部リンクを確認,2026-05-19,安全衛生技術試験協会（公式）|https://www.exam.or.jp/,旧 articles/*.html から移行,第一種衛生管理者のテキスト・通信講座の選び方【独学との併用】について試験前に整理したい,公式情報を確認する;関連用語と過去問で定着する,試験要項・公式情報の改定時に見直す,2026-05-19,2026-08-18,2026-05-19,published,migrate_import_data.py で移行,この記事でわかること,"本記事は、第一種衛生管理者試験の受験生向けに「第一種衛生管理者のテキスト・通信講座の選び方」を整理したガイドです（ジャンル：独学対策）。

第一種衛生管理者は独学でも合格を狙えますが、初めての方はテキストや通信講座で全体像をつかむ選択も多いです。重要なのは「教材を増やしすぎない」ことです。

現場の衛生管理者・受験生の双方に役立つよう、第一種衛生管理者試験の出題傾向と学習の進め方をあわせて整理しています。

現場の衛生管理者・受験生の双方に役立つよう、第一種衛生管理者試験の出題傾向と学習の進め方をあわせて整理しています。

数値・期限・公式情報は年度で変わることがあるため、受験前には必ず試験実施団体の最新案内も確認してください。",教材の選び方,"メインは1〜2冊に絞り、5区分をカバーしているか・過去問解説があるかを基準に選びます。

通信講座は計画と質問環境が必要な人向け。どちらも過去問演習の時間を最優先で確保してください。",過去問・用語解説のつなげ方,"「第一種衛生管理者のテキスト・通信講座の選び方」のテーマは、過去問で「正しい説明に似せた誤り」として繰り返し出題されます。

一衛マスターで該当分野の問題を解いたあと、間違えた選択肢のキーワードで用語解説一覧を検索し、定義・数値・主体の違いを1行メモにまとめてください。

同じミスを3回以上繰り返す場合は、分野別の試験ガイド記事に戻り、表やチェックリストで整理し直すと改善が早いです。",学習チェックリスト,□ 公式の試験要項で最新の範囲・日程を確認した;□ 本記事の要点を読み、関連する用語解説を2語以上読んだ;□ 同テーマの過去問を5問以上解き、誤りの理由をメモした;□ 数値・期限・主体の入れ替えに弱い場合は、カードに書き直した;□ 独学対策の記事をもう1本読み、学習の抜け道がないか確認した,受験生がつまずきやすい点,"【専門家の視点】独学では「演習量」と「誤りの分析」の質が成果を分けます。

テキストを何度読んでも、過去問で誤った選択肢の理由を言語化できなければ本番で同じミスを繰り返しやすくなります。",,,,,第一種衛生管理者のテキスト・通信講座の選び方は独学でも十分に対策できますか？,"はい。過去問演習・用語解説・計画的な復習があれば独学でも合格は十分可能です。

本記事の要点を押さえたうえで、一衛マスターの過去問・一問一答でアウトプットを重ねてください。",第一種衛生管理者のテキスト・通信講座の選び方の学習で最優先すべきことは何ですか？,"公式の試験要項で範囲を固定し、過去問で現在地を把握したあと、間違えた論点を用語解説で補強する流れが最優先です。

教材を増やすより、同じ過去問を質の高い復習で回す方が得点につながります。",dokugaku-guide:独学;benkyou-jikan:勉強時間;affiliate-online-course-compare:オンライン講座比較,公式情報はどこで確認すればよいですか？,"安全衛生技術試験協会（https://www.exam.or.jp/）および厚生労働省の労働安全衛生関連ページで、試験日程・受験資格・合格基準の最新版を確認してください。

本記事は学習用の整理であり、制度改正時は必ず原文・公式案内を優先してください。",この記事のあとに何を学習するとよいですか？,"関連する試験ガイドと用語解説を1〜2本読み、続けて同テーマの過去問を解いて定着させてください。

誤りの理由までメモできる状態が、本番での安定につながります。"
tokutei-gyomu-kenko,分野別対策,特定業務従事者の健康診断とは【試験で問われる範囲】,特定業務従事者の健康診断の対象業務・検査項目・頻度など、第一種衛生管理者試験で問われるポイントを解説します。,"特定業務（有機溶剤・鉛・四アルキル鉛・特定化学物質・粉じん・石綿など）に従事する労働者には、特定業務従事者の健康診断が求められます。試験では業務と健診内容の組合せが頻出です。

現場の衛生管理者・受験生の双方に役立つよう、第一種衛生管理者試験の出題傾向と学習の進め方をあわせて整理しています。

現場の衛生管理者・受験生の双方に役立つよう、第一種衛生管理者試験の出題傾向と学習の進め方をあわせて整理しています。

現場の衛生管理者・受験生の双方に役立つよう、第一種衛生管理者試験の出題傾向と学習の進め方をあわせて整理しています。",380,第一種衛生管理者;試験ガイド,一衛マスター編集部,第一種衛生管理者試験の学習コンテンツを整理する編集チーム,一衛マスター確認担当,公開前に公式情報と内部リンクを確認,2026-05-19,安全衛生技術試験協会（公式）|https://www.exam.or.jp/,旧 articles/*.html から移行,特定業務従事者の健康診断とは【試験で問われる範囲】について試験前に整理したい,公式情報を確認する;関連用語と過去問で定着する,試験要項・公式情報の改定時に見直す,2026-05-19,2026-08-18,2026-05-19,published,migrate_import_data.py で移行,この記事でわかること,"本記事は、第一種衛生管理者試験の受験生向けに「特定業務従事者の健康診断とは」を整理したガイドです（ジャンル：分野別対策）。

特定業務（有機溶剤・鉛・四アルキル鉛・特定化学物質・粉じん・石綿など）に従事する労働者には、特定業務従事者の健康診断が求められます。試験では業務と健診内容の組合せが頻出です。

現場の衛生管理者・受験生の双方に役立つよう、第一種衛生管理者試験の出題傾向と学習の進め方をあわせて整理しています。

現場の衛生管理者・受験生の双方に役立つよう、第一種衛生管理者試験の出題傾向と学習の進め方をあわせて整理しています。

数値・期限・公式情報は年度で変わることがあるため、受験前には必ず試験実施団体の最新案内も確認してください。",特定業務従事者の健康診断,"対象業務・検査項目・頻度・就業上の措置が、業務種類ごとに異なります。

定期健診との違いを表で整理し、過去問で「どの業務か」を特定する練習をしてください。",過去問・用語解説のつなげ方,"「特定業務従事者の健康診断とは」のテーマは、過去問で「正しい説明に似せた誤り」として繰り返し出題されます。

一衛マスターで該当分野の問題を解いたあと、間違えた選択肢のキーワードで用語解説一覧を検索し、定義・数値・主体の違いを1行メモにまとめてください。

同じミスを3回以上繰り返す場合は、分野別の試験ガイド記事に戻り、表やチェックリストで整理し直すと改善が早いです。",学習チェックリスト,□ 公式の試験要項で最新の範囲・日程を確認した;□ 本記事の要点を読み、関連する用語解説を2語以上読んだ;□ 同テーマの過去問を5問以上解き、誤りの理由をメモした;□ 数値・期限・主体の入れ替えに弱い場合は、カードに書き直した;□ 分野別対策の記事をもう1本読み、学習の抜け道がないか確認した,受験生がつまずきやすい点,"【専門家の視点】分野別記事は、過去問で「関連する複数制度」を同時に問う形式に備えるためのものです。

単一の用語暗記ではなく、選任・測定・健診・教育のどれが抜けているかを見抜く力が合格ラインになります。",,,,,特定業務従事者の健康診断とはは独学でも十分に対策できますか？,"はい。過去問演習・用語解説・計画的な復習があれば独学でも合格は十分可能です。

本記事の要点を押さえたうえで、一衛マスターの過去問・一問一答でアウトプットを重ねてください。",特定業務従事者の健康診断とはの学習で最優先すべきことは何ですか？,"公式の試験要項で範囲を固定し、過去問で現在地を把握したあと、間違えた論点を用語解説で補強する流れが最優先です。

教材を増やすより、同じ過去問を質の高い復習で回す方が得点につながります。",kenko-shindan-guide:健康診断;yuugai-gyoumu-matome:有害業務,公式情報はどこで確認すればよいですか？,"安全衛生技術試験協会（https://www.exam.or.jp/）および厚生労働省の労働安全衛生関連ページで、試験日程・受験資格・合格基準の最新版を確認してください。

本記事は学習用の整理であり、制度改正時は必ず原文・公式案内を優先してください。",この記事のあとに何を学習するとよいですか？,"関連する試験ガイドと用語解説を1〜2本読み、続けて同テーマの過去問を解いて定着させてください。

誤りの理由までメモできる状態が、本番での安定につながります。"
yuugai-gyoumu-matome,分野別対策,第一種衛生管理者・有害業務・優遇措置の整理【法令と衛生のつながり】,第一種衛生管理者試験で重要な有害業務と優遇措置の考え方を、法令・労働衛生の両面から整理します。,"第一種では有害業務に関する法令・労働衛生の出題が、第二種より多くなります。「優遇措置」は試験用語として、一定の条件を満たす事業場等に対する規制の緩和・特例を指すことがあります（設問文脈で確認）。

現場の衛生管理者・受験生の双方に役立つよう、第一種衛生管理者試験の出題傾向と学習の進め方をあわせて整理しています。

現場の衛生管理者・受験生の双方に役立つよう、第一種衛生管理者試験の出題傾向と学習の進め方をあわせて整理しています。

現場の衛生管理者・受験生の双方に役立つよう、第一種衛生管理者試験の出題傾向と学習の進め方をあわせて整理しています。",390,第一種衛生管理者;試験ガイド,一衛マスター編集部,第一種衛生管理者試験の学習コンテンツを整理する編集チーム,一衛マスター確認担当,公開前に公式情報と内部リンクを確認,2026-05-19,安全衛生技術試験協会（公式）|https://www.exam.or.jp/,旧 articles/*.html から移行,第一種衛生管理者・有害業務・優遇措置の整理【法令と衛生のつながり】について試験前に整理したい,公式情報を確認する;関連用語と過去問で定着する,試験要項・公式情報の改定時に見直す,2026-05-19,2026-08-18,2026-05-19,published,migrate_import_data.py で移行,この記事でわかること,"本記事は、第一種衛生管理者試験の受験生向けに「第一種衛生管理者・有害業務・優遇措置の整理」を整理したガイドです（ジャンル：分野別対策）。

第一種では有害業務に関する法令・労働衛生の出題が、第二種より多くなります。「優遇措置」は試験用語として、一定の条件を満たす事業場等に対する規制の緩和・特例を指すことがあります（設問文脈で確認）。

現場の衛生管理者・受験生の双方に役立つよう、第一種衛生管理者試験の出題傾向と学習の進め方をあわせて整理しています。

現場の衛生管理者・受験生の双方に役立つよう、第一種衛生管理者試験の出題傾向と学習の進め方をあわせて整理しています。

数値・期限・公式情報は年度で変わることがあるため、受験前には必ず試験実施団体の最新案内も確認してください。",有害業務と優遇措置,"有害業務の範囲、作業主任者・特別教育・健康診断・作業環境測定の関係を一覧化します。

優遇措置（測定・保護具・教育の軽減条件）は条件の抜け穴が選択肢になりやすいです。",過去問・用語解説のつなげ方,"「第一種衛生管理者・有害業務・優遇措置の整理」のテーマは、過去問で「正しい説明に似せた誤り」として繰り返し出題されます。

一衛マスターで該当分野の問題を解いたあと、間違えた選択肢のキーワードで用語解説一覧を検索し、定義・数値・主体の違いを1行メモにまとめてください。

同じミスを3回以上繰り返す場合は、分野別の試験ガイド記事に戻り、表やチェックリストで整理し直すと改善が早いです。",学習チェックリスト,□ 公式の試験要項で最新の範囲・日程を確認した;□ 本記事の要点を読み、関連する用語解説を2語以上読んだ;□ 同テーマの過去問を5問以上解き、誤りの理由をメモした;□ 数値・期限・主体の入れ替えに弱い場合は、カードに書き直した;□ 分野別対策の記事をもう1本読み、学習の抜け道がないか確認した,受験生がつまずきやすい点,"【専門家の視点】分野別記事は、過去問で「関連する複数制度」を同時に問う形式に備えるためのものです。

単一の用語暗記ではなく、選任・測定・健診・教育のどれが抜けているかを見抜く力が合格ラインになります。",,,,,第一種衛生管理者・有害業務・優遇措置の整理は独学でも十分に対策できますか？,"はい。過去問演習・用語解説・計画的な復習があれば独学でも合格は十分可能です。

本記事の要点を押さえたうえで、一衛マスターの過去問・一問一答でアウトプットを重ねてください。",第一種衛生管理者・有害業務・優遇措置の整理の学習で最優先すべきことは何ですか？,"公式の試験要項で範囲を固定し、過去問で現在地を把握したあと、間違えた論点を用語解説で補強する流れが最優先です。

教材を増やすより、同じ過去問を質の高い復習で回す方が得点につながります。",rodoeisei-benkyou:労働衛生;funjin-sokutei-matome:粉じん,公式情報はどこで確認すればよいですか？,"安全衛生技術試験協会（https://www.exam.or.jp/）および厚生労働省の労働安全衛生関連ページで、試験日程・受験資格・合格基準の最新版を確認してください。

本記事は学習用の整理であり、制度改正時は必ず原文・公式案内を優先してください。",この記事のあとに何を学習するとよいですか？,"関連する試験ガイドと用語解説を1〜2本読み、続けて同テーマの過去問を解いて定着させてください。

誤りの理由までメモできる状態が、本番での安定につながります。"
affiliate-online-course-compare,独学対策,第一種衛生管理者のオンライン講座比較【SMART合格講座 vs オンスク】独学との併用,第一種衛生管理者向けにSMART合格講座（買い切り）とオンスク（月額）を料金・講義量・演習で比較。独学・一衛マスター過去問との併用プランと受講期間の目安も解説します。,本記事は、第一種衛生管理者試験向けオンライン講座（SMART合格講座・オンスク）の比較と選び方を整理したガイドです。通信講座の紹介を含む広告（PR・アフィリエイト）の記事であり、料金・機能は受講前に各公式サイトで必ずご確認ください。独学や当サイトの過去問演習と組み合わせる前提で読み進めてください。,360,第一種衛生管理者;独学;通信講座;アフィリエイト,一衛マスター編集部,第一種衛生管理者試験の学習コンテンツを整理する編集チーム,一衛マスター確認担当,公開前に公式情報と内部リンクを確認,2026-05-27,安全衛生技術試験協会（公式）|https://www.exam.or.jp/,A8.net: SMART a8mat=4B3TF0+DUBVNM+4LOQ+BW0YB; オンスク a8mat=4B3TF0+DUXB9E+408S+BW0YB. 料金は各公式LP確認日2026-05-27。キャンペーン変動あり。,SMART合格講座とオンスクの違いを把握し、自分に合う講座と独学・過去問の併用プランを決めたい,2講座の比較ポイントを確認する;タイプ別のおすすめを読む;一衛マスター過去問との週間学習例を試す,講座料金・機能改定時に比較表の数値と公式URLを見直す,2026-05-27,2026-08-27,2026-05-27,published,初版: SMART合格講座・オンスク比較アフィリエイト記事,この記事でわかること,"第一種衛生管理者試験向けの代表的なオンライン講座として、情報学習支援協会の「SMART合格講座」（買い切り・長期視聴）と、オンスク.JPの「衛生管理者オンライン通信講座」（月額サブスク）があります。

本記事では、2026年5月時点の公式案内をもとに、料金・講義量・問題演習・視聴期間を整理し、どちらが向くかを受験タイプ別に示します。有料講座はインプット、当サイトの過去問・一問一答はアウトプットと役割を分けると、教材を増やしすぎずに学習効率が上がります。",オンライン講座が向く人・向かない人,"講座が向くのは、初めて一種を受験する方、法令・有害業務で足切りが心配な方、仕事の合間にスマホで講義の型をつかみたい方です。向かないのは、すでに過去問で安定して得点が取れている方や、演習時間を確保できない方です。

第一種は44問・科目別40％の足切りがあるため、講座で全体像をつかんだあとも、過去問演習で「誤りの理由」まで言語化する時間が必要です。講座だけに頼り、過去問を後回しにすると本番で同じミスを繰り返しやすくなります。",SMART合格講座とオンスクの比較,"【SMART合格講座（第一種）】受講料29,700円（税込・公式案内）。申込日から3年間視聴可能。講義動画は一種で約12時間40分（有害業務の追加講義含む）。SMART答練で一問一答式の演習と解説動画が利用できます。宮川隆氏による講義で、初学者が法令・衛生の流れを追いやすい構成です。

【オンスク衛生管理者講座】ウケホーダイ月額1,078円（ライト）〜1,628円（スタンダード・税込）。講義動画50回・約4.5時間、練習問題536問（公式案内）。日本衛生管理者ネットワーク監修。進捗管理・復習機能・音声・スライドDL（スタンダード）が特徴です。60講座以上が受け放題のため、短期でコストを抑えたい社会人向けです。

比較の要点は次のとおりです。講義の深さと長期視聴はSMART、月額の安さと演習量・解約のしやすさはオンスクが強みです。",タイプ別のおすすめ,"予算を抑え、まず3〜6ヶ月で試したい方にはオンスク（スタンダード推奨。音声DL・復習機能あり）が向きます。

じっくり講義で理解し、受験まで1年以上かけられる方にはSMART合格講座（3年視聴で繰り返し可）が向きます。

独学メインだが関係法令だけ講義で補強したい場合はどちらも可です。短期ならオンスク、法令と有害業務をまとめて動画で追うならSMARTが選びやすいです。

二種合格済みで一種の差分（有害業務・関連法令）だけ学びたい方は、SMARTの有害業務パート、またはオンスクの第4・5区分講義を優先視聴してください。

いずれの場合も、最終段階は一衛マスターの過去問・一問一答で本番形式の演習を増やしてください。",講座と一衛マスターの併用プラン,"おすすめの流れは次の3段階です。①講座で該当区分の講義を視聴（週3〜5本）②同じテーマを一衛マスター過去問で5〜10問解く③間違えたキーワードを用語解説で確認し、1行メモに整理

週の例（社会人・3ヶ月想定）は、月〜金は通勤中に講義1本、週末に過去問1セットと誤り分析です。法令・労働衛生（有害）は演習比率を高め、労働生理は講義比率をやや高めにするとバランスが取りやすいです。

講座の問題演習と当サイトの過去問は重複しても構いませんが、本番に近い形式は試験協会の過去問を優先してください。",受講期間とコストの目安,"オンスクは月額制のため、受講月数で総額が変わります（2026年5月時点の公式料金）。スタンダードで3ヶ月なら約4,884円、6ヶ月なら約9,768円、12ヶ月でも約19,536円で、いずれもSMART一括29,700円より初期負担は小さいです。一方、1年以上かけて受講すると月額の積み上げでSMARTを上回る場合があります。

試験まで3ヶ月以内で集中するならオンスク、半年以上かけて何度も講義を見直すならSMARTがコスパ面で有利になりやすいです。申込前は解約条件・視聴期限を公式サイトで確認してください。詳細・申込は記事末尾の関連リンク（各公式・A8経由）からご覧ください。",申し込み前のチェックリスト,"申し込み前に、次の6項目を確認してください。

試験協会の試験要項で受験資格・日程を確認した
独学のみで過去問が回せるか、一度5年分で現在地を測った
講座が5区分（労働衛生・関係法令・労働生理・一種追加）をカバーするか確認した
スマホ・PCで動画視聴が可能か端末を確認した
月額か買い切りか、受験までの期間と照らして総額を試算した
講座申込後も週あたりの過去問演習時間をカレンダーに確保した",第一種衛生管理者は独学だけで合格できますか？,可能です。過去問演習・用語の整理・科目別の足切り対策ができていれば、通信講座は必須ではありません。講座は「全体像と講義」に特化し、得点化は一衛マスターの過去問・一問一答で行う併用が現実的です。,試験まで3ヶ月ならSMARTとオンスクどちらが得ですか？,"短期集中なら、総額の目安ではオンスク（3ヶ月でスタンダード約4,884円）の方が負担は小さくなります。講義時間はSMARTの方が長いため、動画でじっくり追いたい場合はSMARTも検討してください。いずれも受講期間中は過去問演習の時間を確保することが重要です。",dokugaku-guide:独学合格ガイド;textbook-senmon:教材の選び方;kankei-hourei-benkyou:関係法令の勉強法;https://px.a8.net/svt/ejp?a8mat=4B3TF0+DUBVNM+4LOQ+BW0YB&a8ejpredirect=https%3A%2F%2Fwww.joho-gakushu.or.jp%2Feiseikanrisya%2F%3Futm_source%3DAffi%26utm_medium%3Dlist%26utm_campaign%3D01:SMART合格講座（公式・A8）;https://px.a8.net/svt/ejp?a8mat=4B3TF0+DUXB9E+408S+BW0YB&a8ejpredirect=https%3A%2F%2Fonsuku.jp%2Ftraining%2Feisei2:オンスク衛生管理者講座（公式・A8）,二種合格者はどちらの講座が向いていますか？,二種で学んだ労働生理・労働衛生（有害以外）・関係法令（有害以外）は復習中心にし、一種の差分である有害業務の労働衛生・関係法令を重点化してください。有害業務の講義量が多いSMART、区分別に短い動画で追えるオンスクの第4・5区分、どちらも差分学習に使えます。,講座の問題演習だけで足切り対策は足りますか？,講座内の演習は理解度チェックに有効ですが、本番は44問・科目40％の足切りがあるため、試験協会の過去問で科目別の正答率を測る必要があります。関係法令・労働衛生（有害）で弱い場合は、当サイトの用語解説と分野別ガイドで補強し、過去問を繰り返してください。
