slug,genre,title,content_status,portfolio_block,intent_type,seo_tier,seo_score,auto_decision,merge_target,primary_keyword_hint,rationale,in_keep_core,field_id,field_match,is_custom_slug,expert_pass,slug_cluster,manual_decision,notes
application-deadline-checklist,受験・申込,第一種衛生管理者試験の申込締切前チェックリスト,published,A制度,do,A,70,keep,,第一種衛生管理者試験の申込締切前チェックリスト,KEEP_CORE（SEOハブ・必須）,yes,,n/a,no,no,other,,
exam-application-flow,受験・申込,第一種衛生管理者試験の申込みの流れ【オンライン手順と書類】,published,A制度,do,A,70,keep,,第一種衛生管理者試験の申込みの流れ【オンライン手順と書類】,KEEP_CORE（SEOハブ・必須）,yes,,n/a,no,no,other,,
exam-eligibility,受験・申込,第一種衛生管理者試験の受験資格【選任・実務・研修の区分一覧】,published,A制度,do,A,70,keep,,第一種衛生管理者試験の受験資格【選任・実務・研修の区分一覧】,KEEP_CORE（SEOハブ・必須）,yes,,n/a,no,no,other,,
exam-fees,受験・申込,"第一種衛生管理者試験の受験料【8,800円·支払方法と予算の組み方】",published,A制度,do,A,70,keep,,"第一種衛生管理者試験の受験料【8,800円·支払方法と予算の組み方】",KEEP_CORE（SEOハブ・必須）,yes,,n/a,no,no,other,,
exam-schedule,受験・申込,第一種衛生管理者試験の試験日程【令和8年度·月次センター実施】,published,A制度,do,A,70,keep,,第一種衛生管理者試験の試験日程【令和8年度·月次センター実施】,KEEP_CORE（SEOハブ・必須）,yes,,n/a,no,no,other,,
exam-venue-and-region,受験・申込,第一種衛生管理者試験の受験地·会場【センター選択と公式案内】,published,A制度,do,A,70,keep,,第一種衛生管理者試験の受験地·会場【センター選択と公式案内】,KEEP_CORE（SEOハブ・必須）,yes,,n/a,no,no,other,,
official-info-sources,試験概要,第一種衛生管理者·公式情報の確認先【要項·日程·申込】,published,A制度,do,C,58,keep,,第一種衛生管理者·公式情報の確認先【要項·日程·申込】,KEEP_CORE（SEOハブ・必須）,yes,,n/a,no,no,other,,
pass-announcement-guide,注意点・更新,第一種衛生管理者試験の合格発表の確認方法【Web·郵送】,published,A制度,do,C,58,keep,,第一種衛生管理者試験の合格発表の確認方法【Web·郵送】,KEEP_CORE（SEOハブ・必須）,yes,,n/a,no,no,other,,
registration-after-pass,注意点・更新,第一種衛生管理者試験の合格後の登録·免許,published,A制度,do,C,58,keep,,第一種衛生管理者試験の合格後の登録·免許,KEEP_CORE（SEOハブ・必須）,yes,,n/a,no,no,other,,
exam-format-overview,出題・形式,第一種衛生管理者試験の形式【44問·五肢択一·180分·400点満点】,published,B形式,do,C,52,keep,,第一種衛生管理者試験の形式【44問·五肢択一·180分·400点満点】,KEEP_CORE（SEOハブ・必須）,yes,,n/a,no,no,other,,
exam-scope-overview,出題・形式,第一種衛生管理者試験の出題範囲の概要【5出題範囲·44問の地図】,published,B形式,do,C,52,keep,,第一種衛生管理者試験の出題範囲の概要【5出題範囲·44問の地図】,KEEP_CORE（SEOハブ・必須）,yes,,n/a,no,no,other,,
subject-breakdown,出題・形式,第一種衛生管理者試験の配点と出題範囲【44問·5範囲·各40％足切り】,published,B形式,do,C,52,keep,,第一種衛生管理者試験の配点と出題範囲【44問·5範囲·各40％足切り】,KEEP_CORE（SEOハブ・必須）,yes,,n/a,no,no,other,,
syllabus-how-to-read,出題・形式,第一種衛生管理者試験の要項·シラバスの読み方【公式要項の確認手順】,published,B形式,do,C,52,keep,,第一種衛生管理者試験の要項·シラバスの読み方【公式要項の確認手順】,KEEP_CORE（SEOハブ・必須）,yes,,n/a,no,no,other,,
time-limit-strategy,出題・形式,第一種衛生管理者·時間配分の戦略【180分·44問·約4分/問】,published,B形式,do,C,52,keep,,第一種衛生管理者·時間配分の戦略【180分·44問·約4分/問】,KEEP_CORE（SEOハブ・必須）,yes,,n/a,no,no,other,,
pass-rate,合格・難易度,第一種衛生管理者試験の合格率の読み方【公表資料·演習得点との別管理】,published,C難易度,do,A,68,keep,,第一種衛生管理者試験の合格率の読み方【公表資料·演習得点との別管理】,KEEP_CORE（SEOハブ・必須）,yes,,n/a,no,no,other,,
pass-score,合格・難易度,第一種衛生管理者の目標得点【総合240点·各出題範囲40％ライン】,published,C難易度,do,A,68,keep,,第一種衛生管理者の目標得点【総合240点·各出題範囲40％ライン】,KEEP_CORE（SEOハブ・必須）,yes,,n/a,no,no,other,,
textbook-selection,独学対策,第一種衛生管理者試験のテキストの選び方【要項指定版·1冊主義】,published,D学習,do,B,60,keep,,第一種衛生管理者試験のテキストの選び方【要項指定版·1冊主義】,KEEP_CORE（SEOハブ・必須）,yes,,n/a,no,no,other,,
study-plan-working,学習計画,第一種衛生管理者試験の社会人向け学習計画【平日60分·土日集中·7か月】,published,D学習,do,B,30,merge,affiliate-beginner-material-set,第一種衛生管理者試験の社会人向け学習計画【平日60分·土日集中·7か月】,スコアリングで残否を判定（50本上限・スコア30で merge）,no,,n/a,no,no,other,,
field-eisei-harm-basics,分野別対策,第一種衛生管理者·労働衛生（有害）基礎【10問·化学管理】,published,E分野,do,B,56,keep,,第一種衛生管理者·労働衛生（有害）基礎【10問·化学管理】,分野別（field-eisei-harm-basics）（スコア上位で keep 候補）,no,eisei-harm,ok,no,no,field,,
field-eisei-harm-past-question-focus,分野別対策,第一種衛生管理者・労働衛生（有害）過去問焦点【保護具・物質・優先順】,published,E分野,do,B,56,keep,,第一種衛生管理者・労働衛生（有害）過去問焦点【保護具・物質・優先順】,分野別（field-eisei-harm-past-question-focus）（スコア上位で keep 候補）,no,eisei-harm,ok,no,no,field,,
field-eisei-other-basics,分野別対策,第一種衛生管理者·労働衛生（有害以外）基礎【7問·管理体制】,published,E分野,do,B,56,keep,,第一種衛生管理者·労働衛生（有害以外）基礎【7問·管理体制】,分野別（field-eisei-other-basics）（スコア上位で keep 候補）,no,eisei-other,ok,no,no,field,,
field-eisei-other-past-question-focus,分野別対策,第一種衛生管理者・労働衛生（有害以外）過去問焦点【健診・ストレス・優先順】,published,E分野,do,B,56,keep,,第一種衛生管理者・労働衛生（有害以外）過去問焦点【健診・ストレス・優先順】,分野別（field-eisei-other-past-question-focus）（スコア上位で keep 候補）,no,eisei-other,ok,no,no,field,,
field-law-harm-basics,分野別対策,第一種衛生管理者·関係法令（有害）基礎【10問·許容濃度】,published,E分野,do,B,56,keep,,第一種衛生管理者·関係法令（有害）基礎【10問·許容濃度】,分野別（field-law-harm-basics）（スコア上位で keep 候補）,no,law-harm,ok,no,no,field,,
field-law-harm-past-question-focus,分野別対策,第一種衛生管理者・関係法令（有害）過去問焦点【許容・届出・優先順】,published,E分野,do,B,56,keep,,第一種衛生管理者・関係法令（有害）過去問焦点【許容・届出・優先順】,分野別（field-law-harm-past-question-focus）（スコア上位で keep 候補）,no,law-harm,ok,no,no,field,,
field-law-other-basics,分野別対策,第一種衛生管理者·関係法令（有害以外）基礎【7問·安衛法骨格】,published,E分野,do,B,56,keep,,第一種衛生管理者·関係法令（有害以外）基礎【7問·安衛法骨格】,分野別（field-law-other-basics）（スコア上位で keep 候補）,no,law-other,ok,no,no,field,,
field-law-other-past-question-focus,分野別対策,第一種衛生管理者・関係法令（有害以外）過去問焦点【選任・保存・優先順】,published,E分野,do,B,56,keep,,第一種衛生管理者・関係法令（有害以外）過去問焦点【選任・保存・優先順】,分野別（field-law-other-past-question-focus）（スコア上位で keep 候補）,no,law-other,ok,no,no,field,,
field-physio-basics,分野別対策,第一種衛生管理者·労働生理基礎【10問·WBGT·足切り】,published,E分野,do,B,56,keep,,第一種衛生管理者·労働生理基礎【10問·WBGT·足切り】,分野別（field-physio-basics）（スコア上位で keep 候補）,no,physio,ok,no,no,field,,
field-physio-past-question-focus,分野別対策,第一種衛生管理者・労働生理過去問焦点【WBGT·作業強度·優先順】,published,E分野,do,B,56,keep,,第一種衛生管理者・労働生理過去問焦点【WBGT·作業強度·優先順】,分野別（field-physio-past-question-focus）（スコア上位で keep 候補）,no,physio,ok,no,no,field,,
past-questions-by-field,過去問活用,第一種衛生管理者試験の分野別過去問の解き方【5出題範囲】,published,E過去問,do,B,58,keep,,第一種衛生管理者試験の分野別過去問の解き方【5出題範囲】,KEEP_CORE（SEOハブ・必須）,yes,,n/a,no,no,other,,
exam-day-flow,直前・当日,第一種衛生管理者試験の当日の流れ【受付〜終了·44問180分】,published,F直前,do,A,68,keep,,第一種衛生管理者試験の当日の流れ【受付〜終了·44問180分】,KEEP_CORE（SEOハブ・必須）,yes,,n/a,no,no,other,,
exam-day-items,直前・当日,第一種衛生管理者試験の試験当日の持ち物【要項·禁止物·2段階点検】,published,F直前,do,A,68,keep,,第一種衛生管理者試験の試験当日の持ち物【要項·禁止物·2段階点検】,KEEP_CORE（SEOハブ・必須）,yes,,n/a,no,no,other,,
final-day-checklist,直前・当日,第一種衛生管理者試験の試験前日チェックリスト【10/12·13:30開始】,published,F直前,do,A,68,keep,,第一種衛生管理者試験の試験前日チェックリスト【10/12·13:30開始】,KEEP_CORE（SEOハブ・必須）,yes,,n/a,no,no,other,,
after-pass-procedure,注意点・更新,第一種衛生管理者試験の合格発表後フロー,published,G合格後,do,C,48,keep,,第一種衛生管理者試験の合格発表後フロー,KEEP_CORE（SEOハブ・必須）,yes,,n/a,no,no,after-pass,,
retake-strategy,注意点・更新,第一種衛生管理者試験の再受験の戦略【足切り攻略·44問180分】,published,G合格後,do,C,48,keep,,第一種衛生管理者試験の再受験の戦略【足切り攻略·44問180分】,KEEP_CORE（SEOハブ・必須）,yes,,n/a,no,no,other,,
chokuzen-1kagetsu,直前・当日,第一種衛生管理者・試験直前1ヶ月の対策【やること優先順位】,published,I固有,do,A,42,keep,,第一種衛生管理者・試験直前1ヶ月の対策【やること優先順位】,テンプレ外の固有 slug（検索需要を人手確認）（スコア上位で keep 候補）,no,,n/a,yes,no,other,,
chokuzen-1shukan,直前・当日,第一種衛生管理者・試験直前1週間の対策【最終確認リスト】,published,I固有,do,A,42,keep,,第一種衛生管理者・試験直前1週間の対策【最終確認リスト】,テンプレ外の固有 slug（検索需要を人手確認）（スコア上位で keep 候補）,no,,n/a,yes,no,other,,
goukaku-go-tetsuzuki,受験・申込,第一種衛生管理者·合格後の手続き【選任·届出·証明】,published,I固有,do,A,42,keep,,第一種衛生管理者·合格後の手続き【選任·届出·証明】,テンプレ外の固有 slug（検索需要を人手確認）（スコア上位で keep 候補）,no,,n/a,yes,no,other,,
goukaku-kijun,試験概要,第一種衛生管理者の合格点·合格基準【240点·各出題範囲40％足切り】,published,I固有,do,A,42,keep,,第一種衛生管理者の合格点·合格基準【240点·各出題範囲40％足切り】,テンプレ外の固有 slug（検索需要を人手確認）（スコア上位で keep 候補）,no,,n/a,yes,no,other,,
goukakuritsu,試験概要,第一種衛生管理者の合格率・難易度【公表50％前後でも足切りで落ちる理由】,published,I固有,do,A,42,keep,,第一種衛生管理者の合格率・難易度【公表50％前後でも足切りで落ちる理由】,テンプレ外の固有 slug（検索需要を人手確認）（スコア上位で keep 候補）,no,,n/a,yes,no,other,,
hoken-shi-juken,独学対策,保健師·看護師から第一種衛生管理者【受験·勉強のコツ】,published,I固有,do,A,42,keep,,保健師·看護師から第一種衛生管理者【受験·勉強のコツ】,テンプレ外の固有 slug（検索需要を人手確認）（スコア上位で keep 候補）,no,,n/a,yes,no,other,,
jisseki-shomeisho,受験・申込,第一種衛生管理者·実務経験証明【事業者証明書のポイント】,published,I固有,do,A,42,keep,,第一種衛生管理者·実務経験証明【事業者証明書のポイント】,テンプレ外の固有 slug（検索需要を人手確認）（スコア上位で keep 候補）,no,,n/a,yes,no,other,,
juken-shikaku,試験概要,第一種衛生管理者の受験資格【学歴別·実務年数一覧】,published,I固有,do,A,42,keep,,第一種衛生管理者の受験資格【学歴別·実務年数一覧】,テンプレ外の固有 slug（検索需要を人手確認）（スコア上位で keep 候補）,no,,n/a,yes,no,other,,
affiliate-dokugaku-goukaku-hokan,独学対策,第一種衛生管理者は独学で合格できる？勉強時間の目安と通信講座が効くケース,published,Jアフィ,buy,A,62,keep,,第一種衛生管理者は独学で合格できる？勉強時間の目安と通信講座が効くケース,アフィリエイト記事（ASP未設定だがポートフォリオ維持）,no,,n/a,no,no,affiliate,,
affiliate-qualification-support-service,受験・申込,第一種衛生管理者試験の受験支援サービス比較【公式申込 vs 書類チェック vs 講座付帯】【2026年度版】,published,Jアフィ,buy,A,62,keep,,第一種衛生管理者試験の受験支援サービス比較【公式申込 vs 書類チェック vs 講座付帯】【2026年度版】,アフィリエイト記事（ASP未設定だがポートフォリオ維持）,no,,n/a,no,no,affiliate,,
affiliate-beginner-material-set,学習計画,第一種衛生管理者の初学者向け教材セット3選【速習・要点整理2026】,published,Jアフィ,buy,B,56,keep,,第一種衛生管理者の初学者向け教材セット3選【速習・要点整理2026】,アフィリエイト記事（ASP未設定だがポートフォリオ維持）,no,,n/a,no,no,affiliate,,
affiliate-free-vs-paid-study,独学対策,第一種衛生管理者試験の無料と有料教材の使い分け【独学2026】,published,Jアフィ,buy,B,56,keep,,第一種衛生管理者試験の無料と有料教材の使い分け【独学2026】,アフィリエイト記事（ASP未設定だがポートフォリオ維持）,no,,n/a,no,no,affiliate,,
affiliate-mock-exam-materials,過去問活用,第一種衛生管理者試験の模試·予想問題3選【44問本番形式2026】,published,Jアフィ,buy,B,56,keep,,第一種衛生管理者試験の模試·予想問題3選【44問本番形式2026】,アフィリエイト記事（ASP未設定だがポートフォリオ維持）,no,,n/a,no,no,affiliate,,
affiliate-online-course-compare,独学対策,第一種衛生管理者のオンライン講座比較【SMART合格講座 vs オンスク】独学との併用,published,Jアフィ,buy,B,56,keep,,第一種衛生管理者のオンライン講座比較【SMART合格講座 vs オンスク】独学との併用,アフィリエイト記事（ASP未設定だがポートフォリオ維持）,no,,n/a,no,no,affiliate,,
affiliate-problem-books,独学対策,第一種衛生管理者のおすすめ問題集3選【過去問・予想模試2026】,published,Jアフィ,buy,B,56,keep,,第一種衛生管理者のおすすめ問題集3選【過去問・予想模試2026】,アフィリエイト記事（ASP未設定だがポートフォリオ維持）,no,,n/a,no,no,affiliate,,
affiliate-retake-short-course,学習計画,第一種衛生管理者試験の再受験向け短期講座比較【オンスク vs SMART】弱点2科目【2026年度版】,published,Jアフィ,buy,B,56,keep,,第一種衛生管理者試験の再受験向け短期講座比較【オンスク vs SMART】弱点2科目【2026年度版】,アフィリエイト記事（ASP未設定だがポートフォリオ維持）,no,,n/a,no,no,affiliate,,
affiliate-textbooks-recommend,独学対策,第一種衛生管理者のおすすめ参考書・テキスト3選【2026年度版・独学】,published,Jアフィ,buy,B,56,keep,,第一種衛生管理者のおすすめ参考書・テキスト3選【2026年度版・独学】,アフィリエイト記事（ASP未設定だがポートフォリオ維持）,no,,n/a,no,no,affiliate,,
compare-similar-qualifications,試験概要,第一種衛生管理者と類似資格の比較【第二種·作業環境測定士】,archived,A制度,do,C,28,skip,,第一種衛生管理者と類似資格の比較【第二種·作業環境測定士】,非公開（archived）,no,,n/a,no,no,compare,,
exam-purpose-and-career,試験概要,第一種衛生管理者試験の目的とキャリア【選任·100問5科目】,archived,A制度,do,C,28,skip,,第一種衛生管理者試験の目的とキャリア【選任·100問5科目】,非公開（archived）,no,,n/a,no,no,other,,
first-time-exam-guide,試験概要,第一種衛生管理者·初めて受験する人向けガイド【100問5科目】,archived,A制度,do,C,28,skip,,第一種衛生管理者·初めて受験する人向けガイド【100問5科目】,非公開（archived）,no,,n/a,no,no,other,,
concurrent-exam-rules,受験・申込,第一種衛生管理者試験の併願·同日受験のルール,archived,A制度,do,A,9,skip,exam-eligibility,第一種衛生管理者試験の併願·同日受験のルール,非公開（archived）,no,,n/a,no,no,other,,
education-requirement,受験・申込,第一種衛生管理者試験の学歴要件【卒業区分と受験資格】,archived,A制度,do,A,9,skip,exam-eligibility,第一種衛生管理者試験の学歴要件【卒業区分と受験資格】,非公開（archived）,no,,n/a,no,no,other,,
exemption-system,受験・申込,第一種衛生管理者試験の免除制度【科目免除·要項確認】,archived,A制度,do,A,9,skip,exam-eligibility,第一種衛生管理者試験の免除制度【科目免除·要項確認】,非公開（archived）,no,,n/a,no,no,other,,
reschedule-and-absence,受験・申込,第一種衛生管理者試験の欠席·再受験【日程変更と手続き】,archived,A制度,do,A,9,skip,exam-schedule,第一種衛生管理者試験の欠席·再受験【日程変更と手続き】,非公開（archived）,no,,n/a,no,no,other,,
work-experience-requirement,受験・申込,第一種衛生管理者試験の実務経験と受験資格【年数·証明の要点】,archived,A制度,do,A,9,skip,exam-eligibility,第一種衛生管理者試験の実務経験と受験資格【年数·証明の要点】,非公開（archived）,no,,n/a,no,no,other,,
new-topics-trend,出題・形式,第一種衛生管理者試験の近年出題トレンド【616問参考·要項照合】,archived,B形式,do,C,7,skip,syllabus-how-to-read,第一種衛生管理者試験の近年出題トレンド【616問参考·要項照合】,非公開（archived）,no,,n/a,no,no,other,,
scope-revision-history,出題・形式,第一種衛生管理者試験の出題範囲改定履歴【要項差分の追い方】,archived,B形式,do,C,7,skip,syllabus-how-to-read,第一種衛生管理者試験の出題範囲改定履歴【要項差分の追い方】,非公開（archived）,no,,n/a,no,no,other,,
scope-vs-past-questions,出題・形式,第一種衛生管理者試験の範囲と616問演習の対応【14回分の使い方】,archived,B形式,do,C,7,skip,syllabus-how-to-read,第一種衛生管理者試験の範囲と616問演習の対応【14回分の使い方】,非公開（archived）,no,,n/a,no,no,other,,
weight-by-topic,出題・形式,第一種衛生管理者試験の分野別配点【5科目各20問·足切り40％】,archived,B形式,do,C,7,skip,subject-breakdown,第一種衛生管理者試験の分野別配点【5科目各20問·足切り40％】,非公開（archived）,no,,n/a,no,no,other,,
cbt-computer-exam,出題・形式,第一種衛生管理者試験のCBT·試験センター対策【100問·180分·5科目】,archived,B形式,do,C,5,skip,,第一種衛生管理者試験のCBT·試験センター対策【100問·180分·5科目】,非公開（archived）,no,,n/a,no,no,other,,
difficulty-for-beginners,合格・難易度,第一種衛生管理者試験の初学者向け難易度の見方,archived,C難易度,do,A,38,skip,,第一種衛生管理者試験の初学者向け難易度の見方,非公開（archived）,no,,n/a,no,no,other,,
exam-difficulty,合格・難易度,第一種衛生管理者試験の難易度【足切り40％で落ちる理由】,archived,C難易度,do,A,38,skip,,第一種衛生管理者試験の難易度【足切り40％で落ちる理由】,非公開（archived）,no,,n/a,no,no,other,,
pass-rate-how-to-read,合格・難易度,第一種衛生管理者の合格率・統計の読み方【公表資料と演習得点の比較】,archived,C難易度,do,A,38,skip,,第一種衛生管理者の合格率・統計の読み方【公表資料と演習得点の比較】,非公開（archived）,no,,n/a,no,no,other,,
self-study-schedule,独学対策,第一種衛生管理者試験の独学の週間・月間スケジュール【週8時間表】,archived,D学習,do,A,36,skip,,第一種衛生管理者試験の独学の週間・月間スケジュール【週8時間表】,非公開（archived）,no,,n/a,no,no,other,,
balance-work-study,学習計画,第一種衛生管理者試験の仕事と勉強の両立【境界線と休息】,archived,D学習,do,B,30,skip,,第一種衛生管理者試験の仕事と勉強の両立【境界線と休息】,非公開（archived）,no,,n/a,no,no,other,,
correspondence-course-guide,独学対策,第一種衛生管理者試験の通信講座の選び方【独学との併用判断】,archived,D学習,do,B,30,skip,,第一種衛生管理者試験の通信講座の選び方【独学との併用判断】,非公開（archived）,no,,n/a,no,no,other,,
first-30-days-plan,学習計画,第一種衛生管理者試験の最初の30日の学習計画,archived,D学習,do,B,30,skip,,第一種衛生管理者試験の最初の30日の学習計画,非公開（archived）,no,,n/a,no,no,other,,
free-materials-online,独学対策,第一種衛生管理者試験の無料教材の活用【演習616問・用語解説】,archived,D学習,do,B,30,skip,,第一種衛生管理者試験の無料教材の活用【演習616問・用語解説】,非公開（archived）,no,,n/a,no,no,other,,
self-study-environment,独学対策,第一種衛生管理者試験の独学環境の整え方【机・180分演習再現】,archived,D学習,do,B,30,skip,,第一種衛生管理者試験の独学環境の整え方【机・180分演習再現】,非公開（archived）,no,,n/a,no,no,other,,
self-study-mistakes,独学対策,第一種衛生管理者試験の独学のよくある失敗【5科目足切り5パターン】,archived,D学習,do,B,30,skip,,第一種衛生管理者試験の独学のよくある失敗【5科目足切り5パターン】,非公開（archived）,no,,n/a,no,no,other,,
self-study-motivation,独学対策,第一種衛生管理者試験の独学のモチベーション維持【週次ゴール設計】,archived,D学習,do,B,30,skip,,第一種衛生管理者試験の独学のモチベーション維持【週次ゴール設計】,非公開（archived）,no,,n/a,no,no,other,,
self-study-start,独学対策,第一種衛生管理者試験の独学の始め方【5科目・100問から逆算】,archived,D学習,do,B,30,skip,,第一種衛生管理者試験の独学の始め方【5科目・100問から逆算】,非公開（archived）,no,,n/a,no,no,other,,
self-study-without-school,独学対策,第一種衛生管理者試験の資格学校なしの独学【テキスト1冊＋616問】,archived,D学習,do,B,30,skip,,第一種衛生管理者試験の資格学校なしの独学【テキスト1冊＋616問】,非公開（archived）,no,,n/a,no,no,other,,
study-plan-1year,学習計画,第一種衛生管理者試験の1年学習計画【週3〜4時間の長期独学】,archived,D学習,do,B,30,skip,,第一種衛生管理者試験の1年学習計画【週3〜4時間の長期独学】,非公開（archived）,no,,n/a,no,no,other,,
study-plan-3months,学習計画,第一種衛生管理者試験の3ヶ月学習計画【週12時間・短期集中】,archived,D学習,do,B,30,skip,,第一種衛生管理者試験の3ヶ月学習計画【週12時間・短期集中】,非公開（archived）,no,,n/a,no,no,other,,
study-plan-6months,学習計画,第一種衛生管理者試験の6ヶ月学習計画【4月開始・10月受験】,archived,D学習,do,B,30,skip,,第一種衛生管理者試験の6ヶ月学習計画【4月開始・10月受験】,非公開（archived）,no,,n/a,no,no,other,,
study-plan-beginner,学習計画,第一種衛生管理者試験の初学者向け学習計画【6か月・週10時間】,archived,D学習,do,B,30,skip,,第一種衛生管理者試験の初学者向け学習計画【6か月・週10時間】,非公開（archived）,no,,n/a,no,no,other,,
time-management,学習計画,第一種衛生管理者試験の学習時間管理·習慣化【週次ブロック·40％連動】,archived,D学習,do,B,30,skip,,第一種衛生管理者試験の学習時間管理·習慣化【週次ブロック·40％連動】,非公開（archived）,no,,n/a,no,no,other,,
almost-correct-review,復習・苦手克服,第一種衛生管理者試験の惜しい問題の復習【2択残り·7日サイクル】,archived,D学習,do,C,24,skip,,第一種衛生管理者試験の惜しい問題の復習【2択残り·7日サイクル】,非公開（archived）,no,,n/a,no,no,other,,
mistake-notebook,復習・苦手克服,第一種衛生管理者試験の間違いノートの作り方【5科目対応フォーマット】,archived,D学習,do,C,24,skip,,第一種衛生管理者試験の間違いノートの作り方【5科目対応フォーマット】,非公開（archived）,no,,n/a,no,no,other,,
note-taking-method,復習・苦手克服,第一種衛生管理者試験のノートの取り方【誤答4分類·100問連動】,archived,D学習,do,C,24,skip,,第一種衛生管理者試験のノートの取り方【誤答4分類·100問連動】,非公開（archived）,no,,n/a,no,no,other,,
plateau-breakthrough,復習・苦手克服,第一種衛生管理者試験の伸び悩み突破【55±3％·新規停止2週】,archived,D学習,do,C,24,skip,,第一種衛生管理者試験の伸び悩み突破【55±3％·新規停止2週】,非公開（archived）,no,,n/a,no,no,other,,
material-update-cycle,独学対策,第一種衛生管理者試験の教材版·年度更新【要項·テキスト·616問再確認】,archived,D学習,do,B,8,skip,syllabus-how-to-read,第一種衛生管理者試験の教材版·年度更新【要項·テキスト·616問再確認】,非公開（archived）,no,,n/a,no,no,other,,
problem-book-selection,独学対策,第一種衛生管理者試験の問題集の選び方【616問·一衛マスター演習·100問180分】,archived,D学習,do,B,8,skip,textbook-selection,第一種衛生管理者試験の問題集の選び方【616問·一衛マスター演習·100問180分】,非公開（archived）,no,,n/a,no,no,other,,
review-cycle-spaced,復習・苦手克服,第一種衛生管理者試験の間隔を空けた復習【7日→3日→1日サイクル】,archived,D学習,do,C,8,skip,retake-strategy,第一種衛生管理者試験の間隔を空けた復習【7日→3日→1日サイクル】,非公開（archived）,no,,n/a,no,no,other,,
textbook-vs-past-questions,独学対策,第一種衛生管理者試験のテキストと過去問の優先順位【章→20問→100問】,archived,D学習,do,B,8,skip,textbook-selection,第一種衛生管理者試験のテキストと過去問の優先順位【章→20問→100問】,非公開（archived）,no,,n/a,no,no,other,,
field-eisei-harm-calculation,分野別対策,第一種衛生管理者・労働衛生（有害）数値問題【濃度・保護具・計算】,archived,E分野,do,B,6,skip,field-eisei-harm-basics,第一種衛生管理者・労働衛生（有害）数値問題【濃度・保護具・計算】,非公開（archived）,no,eisei-harm,ok,no,no,field,,
field-eisei-harm-case-study,分野別対策,第一種衛生管理者・労働衛生（有害）事例問題【保護具・リスク・読解】,archived,E分野,do,B,6,skip,field-eisei-harm-basics,第一種衛生管理者・労働衛生（有害）事例問題【保護具・リスク・読解】,非公開（archived）,no,eisei-harm,ok,no,no,field,,
field-eisei-harm-frequent-topics,分野別対策,第一種衛生管理者・労働衛生（有害）頻出論点【保護具・リスクアセス】,archived,E分野,do,B,6,skip,field-eisei-harm-basics,第一種衛生管理者・労働衛生（有害）頻出論点【保護具・リスクアセス】,非公開（archived）,no,eisei-harm,ok,no,no,field,,
field-eisei-other-calculation,分野別対策,第一種衛生管理者・労働衛生（有害以外）数値問題【健診・ストレス・周期】,archived,E分野,do,B,6,skip,field-eisei-other-basics,第一種衛生管理者・労働衛生（有害以外）数値問題【健診・ストレス・周期】,非公開（archived）,no,eisei-other,ok,no,no,field,,
field-eisei-other-case-study,分野別対策,第一種衛生管理者・労働衛生（有害以外）事例問題【健診・ストレス・読解】,archived,E分野,do,B,6,skip,field-eisei-other-basics,第一種衛生管理者・労働衛生（有害以外）事例問題【健診・ストレス・読解】,非公開（archived）,no,eisei-other,ok,no,no,field,,
field-eisei-other-frequent-topics,分野別対策,第一種衛生管理者・労働衛生（有害以外）頻出論点【健康診断・ストレス】,archived,E分野,do,B,6,skip,field-eisei-other-basics,第一種衛生管理者・労働衛生（有害以外）頻出論点【健康診断・ストレス】,非公開（archived）,no,eisei-other,ok,no,no,field,,
field-law-harm-calculation,分野別対策,第一種衛生管理者・関係法令（有害）数値問題【許容濃度・一問一答】,archived,E分野,do,B,6,skip,field-law-harm-basics,第一種衛生管理者・関係法令（有害）数値問題【許容濃度・一問一答】,非公開（archived）,no,law-harm,ok,no,no,field,,
field-law-harm-case-study,分野別対策,第一種衛生管理者・関係法令（有害）事例問題【許容・届出・読解】,archived,E分野,do,B,6,skip,field-law-harm-basics,第一種衛生管理者・関係法令（有害）事例問題【許容・届出・読解】,非公開（archived）,no,law-harm,ok,no,no,field,,
field-law-harm-frequent-topics,分野別対策,第一種衛生管理者・関係法令（有害）頻出論点【許容濃度・届出】,archived,E分野,do,B,6,skip,field-law-harm-basics,第一種衛生管理者・関係法令（有害）頻出論点【許容濃度・届出】,非公開（archived）,no,law-harm,ok,no,no,field,,
field-law-other-calculation,分野別対策,第一種衛生管理者・関係法令（有害以外）数値問題【保存・周期・一問一答】,archived,E分野,do,B,6,skip,field-law-other-basics,第一種衛生管理者・関係法令（有害以外）数値問題【保存・周期・一問一答】,非公開（archived）,no,law-other,ok,no,no,field,,
field-law-other-case-study,分野別対策,第一種衛生管理者・関係法令（有害以外）事例問題【選任・届出・読解】,archived,E分野,do,B,6,skip,field-law-other-basics,第一種衛生管理者・関係法令（有害以外）事例問題【選任・届出・読解】,非公開（archived）,no,law-other,ok,no,no,field,,
field-law-other-frequent-topics,分野別対策,第一種衛生管理者・関係法令（有害以外）頻出論点【選任・届出・保存】,archived,E分野,do,B,6,skip,field-law-other-basics,第一種衛生管理者・関係法令（有害以外）頻出論点【選任・届出・保存】,非公開（archived）,no,law-other,ok,no,no,field,,
field-physio-calculation,分野別対策,第一種衛生管理者・労働生理数値問題【WBGT·作業強度·計算手順】,archived,E分野,do,B,6,skip,field-physio-basics,第一種衛生管理者・労働生理数値問題【WBGT·作業強度·計算手順】,非公開（archived）,no,physio,ok,no,no,field,,
field-physio-case-study,分野別対策,第一種衛生管理者・労働生理事例問題【WBGT·作業強度·読解】,archived,E分野,do,B,6,skip,field-physio-basics,第一種衛生管理者・労働生理事例問題【WBGT·作業強度·読解】,非公開（archived）,no,physio,ok,no,no,field,,
field-physio-frequent-topics,分野別対策,第一種衛生管理者・労働生理頻出論点【WBGT・温熱・作業強度】,archived,E分野,do,B,6,skip,field-physio-basics,第一種衛生管理者・労働生理頻出論点【WBGT・温熱・作業強度】,非公開（archived）,no,physio,ok,no,no,field,,
simulation-exam-schedule,過去問活用,第一種衛生管理者試験の模試日程と学習計画【模試活用法連動·月2回】,archived,E過去問,do,A,34,skip,,第一種衛生管理者試験の模試日程と学習計画【模試活用法連動·月2回】,非公開（archived）,no,,n/a,no,no,other,,
bookmark-review-method,過去問活用,第一種衛生管理者試験のブックマークを使った復習【誤答タグ運用】,archived,E過去問,do,B,28,skip,,第一種衛生管理者試験のブックマークを使った復習【誤答タグ運用】,非公開（archived）,no,,n/a,no,no,other,,
drill-volume-guide,過去問活用,第一種衛生管理者試験の演習問題量の目安【週次·月次·100問180分】,archived,E過去問,do,B,28,skip,,第一種衛生管理者試験の演習問題量の目安【週次·月次·100問180分】,非公開（archived）,no,,n/a,no,no,other,,
ichimon-practice,過去問活用,第一種衛生管理者試験の一問一答の活用法【サイト演習モード連動】,archived,E過去問,do,B,28,skip,,第一種衛生管理者試験の一問一答の活用法【サイト演習モード連動】,非公開（archived）,no,,n/a,no,no,other,,
mock-exam-how-to,過去問活用,第一種衛生管理者試験の模試の活用法【180分100問の実力チェック】,archived,E過去問,do,B,28,skip,,第一種衛生管理者試験の模試の活用法【180分100問の実力チェック】,非公開（archived）,no,,n/a,no,no,other,,
past-questions-by-year,過去問活用,第一種衛生管理者試験の年度別過去問の解き方【直近3回から逆算】,archived,E過去問,do,B,28,skip,,第一種衛生管理者試験の年度別過去問の解き方【直近3回から逆算】,非公開（archived）,no,,n/a,no,no,other,,
past-questions-first-attempt,過去問活用,第一種衛生管理者試験の過去問の初回の解き方【テキスト後・20問から】,archived,E過去問,do,B,28,skip,,第一種衛生管理者試験の過去問の初回の解き方【テキスト後・20問から】,非公開（archived）,no,,n/a,no,no,other,,
past-questions-latest-year,過去問活用,第一種衛生管理者試験の最新年度過去問の活用法【直前8週の位置づけ】,archived,E過去問,do,B,28,skip,,第一種衛生管理者試験の最新年度過去問の活用法【直前8週の位置づけ】,非公開（archived）,no,,n/a,no,no,other,,
past-questions-review-cycle,過去問活用,第一種衛生管理者試験の過去問の解き直しサイクル【100問単位】,archived,E過去問,do,B,28,skip,,第一種衛生管理者試験の過去問の解き直しサイクル【100問単位】,非公開（archived）,no,,n/a,no,no,other,,
past-questions-score-analysis,過去問活用,第一種衛生管理者試験の過去問の点数分析【60％·40％足切りの見方】,archived,E過去問,do,B,28,skip,,第一種衛生管理者試験の過去問の点数分析【60％·40％足切りの見方】,非公開（archived）,no,,n/a,no,no,other,,
past-questions-wrong-reasons,過去問活用,第一種衛生管理者試験の過去問の誤答原因の分析【5科目別】,archived,E過去問,do,B,28,skip,,第一種衛生管理者試験の過去問の誤答原因の分析【5科目別】,非公開（archived）,no,,n/a,no,no,other,,
timed-practice,過去問活用,第一種衛生管理者試験の時間を計った演習【180分100問の配分】,archived,E過去問,do,B,28,skip,,第一種衛生管理者試験の時間を計った演習【180分100問の配分】,非公開（archived）,no,,n/a,no,no,other,,
exam-day-time-allocation,直前・当日,第一種衛生管理者試験の当日100問の時間配分【180分·1.8分/問】,archived,F直前,do,A,8,skip,final-day-checklist,第一種衛生管理者試験の当日100問の時間配分【180分·1.8分/問】,非公開（archived）,no,,n/a,no,no,other,,
exam-day-troubleshooting,直前・当日,第一種衛生管理者試験の当日トラブル対応【遅刻·持ち物·体調·会場】,archived,F直前,do,A,8,skip,final-day-checklist,第一種衛生管理者試験の当日トラブル対応【遅刻·持ち物·体調·会場】,非公開（archived）,no,,n/a,no,no,other,,
final-mock-last-run,直前・当日,第一種衛生管理者試験の直前模試の受け方【180分100問·10/5最終】,archived,F直前,do,A,8,skip,final-day-checklist,第一種衛生管理者試験の直前模試の受け方【180分100問·10/5最終】,非公開（archived）,no,,n/a,no,no,other,,
final-scope-narrowing,直前・当日,第一種衛生管理者試験の直前の範囲絞り込み【5科目·40％足切り】,archived,F直前,do,A,8,skip,final-day-checklist,第一種衛生管理者試験の直前の範囲絞り込み【5科目·40％足切り】,非公開（archived）,no,,n/a,no,no,other,,
final-sleep-and-health,直前・当日,第一種衛生管理者試験の直前の睡眠と健康管理【13:30〜16:30向け】,archived,F直前,do,A,8,skip,final-day-checklist,第一種衛生管理者試験の直前の睡眠と健康管理【13:30〜16:30向け】,非公開（archived）,no,,n/a,no,no,other,,
final-week-prep,直前・当日,第一種衛生管理者試験の直前1週間の学習計画【演習量·40％最終確認】,archived,F直前,do,A,8,skip,final-day-checklist,第一種衛生管理者試験の直前1週間の学習計画【演習量·40％最終確認】,非公開（archived）,no,,n/a,no,no,other,,
mental-prep-exam-day,直前・当日,第一種衛生管理者試験の当日メンタル対策【100問·集中力·初問パニック】,archived,F直前,do,A,8,skip,final-day-checklist,第一種衛生管理者試験の当日メンタル対策【100問·集中力·初問パニック】,非公開（archived）,no,,n/a,no,no,other,,
eligibility-myths,注意点・更新,第一種衛生管理者試験の受験資格の誤解【選任·実務·登録の違い】,archived,G合格後,do,A,30,skip,,第一種衛生管理者試験の受験資格の誤解【選任·実務·登録の違い】,非公開（archived）,no,,n/a,no,no,other,,
career-after-qualification,注意点・更新,第一種衛生管理者試験の合格後のキャリア【選任·専任·他資格連携】,archived,G合格後,do,C,18,skip,,第一種衛生管理者試験の合格後のキャリア【選任·専任·他資格連携】,非公開（archived）,no,,n/a,no,no,other,,
common-misconceptions,注意点・更新,第一種衛生管理者試験のよくある誤解【100問·5科目·44問訂正】,archived,G合格後,do,C,18,skip,,第一種衛生管理者試験のよくある誤解【100問·5科目·44問訂正】,非公開（archived）,no,,n/a,no,no,other,,
difficulty-myths,注意点・更新,第一種衛生管理者試験の難易度の誤解【足切り40％·公表50％前後】,archived,G合格後,do,C,18,skip,,第一種衛生管理者試験の難易度の誤解【足切り40％·公表50％前後】,非公開（archived）,no,,n/a,no,no,other,,
pass-only-past-questions-myth,注意点・更新,第一種衛生管理者試験の過去問だけで合格できる誤解【章→20問→100問】,archived,G合格後,do,C,18,skip,,第一種衛生管理者試験の過去問だけで合格できる誤解【章→20問→100問】,非公開（archived）,no,,n/a,no,no,other,,
study-hours-myth,注意点・更新,第一種衛生管理者試験の勉強時間の神話【80〜120時間·週8時間】,archived,G合格後,do,C,18,skip,,第一種衛生管理者試験の勉強時間の神話【80〜120時間·週8時間】,非公開（archived）,no,,n/a,no,no,other,,
exam-changes,注意点・更新,第一種衛生管理者試験の試験制度の変更点【100問·60％·40％足切り】,archived,G合格後,do,C,6,skip,syllabus-how-to-read,第一種衛生管理者試験の試験制度の変更点【100問·60％·40％足切り】,非公開（archived）,no,,n/a,no,no,other,,
fail-retry-plan,注意点・更新,第一種衛生管理者試験の不合格からの再受験計画,archived,G合格後,do,C,6,skip,retake-strategy,第一種衛生管理者試験の不合格からの再受験計画,非公開（archived）,no,,n/a,no,no,other,,
legal-revision-impact,注意点・更新,第一種衛生管理者試験の法改正の学習への影響【改正章·616問再確認】,archived,G合格後,do,C,6,skip,syllabus-how-to-read,第一種衛生管理者試験の法改正の学習への影響【改正章·616問再確認】,非公開（archived）,no,,n/a,no,no,other,,
official-info-update-habits,注意点・更新,第一種衛生管理者·公式情報の更新確認習慣【月次チェック】,archived,G合格後,do,C,6,skip,syllabus-how-to-read,第一種衛生管理者·公式情報の更新確認習慣【月次チェック】,非公開（archived）,no,,n/a,no,no,other,,
retake-schedule-adjustment,注意点・更新,第一種衛生管理者試験の再受験の日程調整【次回申込·100問180分】,archived,G合格後,do,A,6,skip,retake-strategy,第一種衛生管理者試験の再受験の日程調整【次回申込·100問180分】,非公開（archived）,no,,n/a,no,no,other,,
score-gap-analysis,注意点・更新,第一種衛生管理者試験の得点差の分析と対策【科目間ギャップ·100問】,archived,G合格後,do,C,6,skip,retake-strategy,第一種衛生管理者試験の得点差の分析と対策【科目間ギャップ·100問】,非公開（archived）,no,,n/a,no,no,other,,
syllabus-update-tracker,注意点・更新,第一種衛生管理者試験のシラバス・出題範囲の更新【要項差分トラッカー】,archived,G合格後,do,C,6,skip,syllabus-how-to-read,第一種衛生管理者試験のシラバス・出題範囲の更新【要項差分トラッカー】,非公開（archived）,no,,n/a,no,no,other,,
calculation-drill,用語ハブ活用法,第一種衛生管理者試験の計算ドリル【WBGT·2.5分/問·20問連動】,archived,H用語導線,know,C,4,skip,,第一種衛生管理者試験の計算ドリル【WBGT·2.5分/問·20問連動】,非公開（archived）,no,,n/a,no,no,other,,
confusing-terms,用語ハブ活用法,第一種衛生管理者試験·混同しやすい用語【5科目×比較表10組】,archived,H用語導線,know,C,4,skip,,第一種衛生管理者試験·混同しやすい用語【5科目×比較表10組】,非公開（archived）,no,,n/a,no,no,other,,
formula-memorization,用語ハブ活用法,第一種衛生管理者試験の公式·計算式の覚え方【WBGT·労働生理】,archived,H用語導線,know,C,4,skip,,第一種衛生管理者試験の公式·計算式の覚え方【WBGT·労働生理】,非公開（archived）,no,,n/a,no,no,other,,
glossary-study-method,用語ハブ活用法,第一種衛生管理者試験の用語集の活用法【演習誤答→用語→解き直し】,archived,H用語導線,know,C,4,skip,,第一種衛生管理者試験の用語集の活用法【演習誤答→用語→解き直し】,非公開（archived）,no,,n/a,no,no,other,,
important-terms-list,用語ハブ活用法,第一種衛生管理者試験·重要用語リスト【5科目×頻出20語】,archived,H用語導線,know,C,4,skip,,第一種衛生管理者試験·重要用語リスト【5科目×頻出20語】,非公開（archived）,no,,n/a,no,no,other,,
numbers-and-deadlines,用語ハブ活用法,第一種衛生管理者試験の数字·期限のまとめ方【許容濃度·保存年数】,archived,H用語導線,know,C,4,skip,,第一種衛生管理者試験の数字·期限のまとめ方【許容濃度·保存年数】,非公開（archived）,no,,n/a,no,no,other,,
numeric-trap-choices,用語ハブ活用法,第一種衛生管理者試験の数値ひっかけ対策【用語解説·100問180分】,archived,H用語導線,know,C,4,skip,,第一種衛生管理者試験の数値ひっかけ対策【用語解説·100問180分】,非公開（archived）,no,,n/a,no,no,other,,
rate-and-percentage,用語ハブ活用法,第一種衛生管理者試験の割合·百分率問題【5科目·計算手順】,archived,H用語導線,know,C,4,skip,,第一種衛生管理者試験の割合·百分率問題【5科目·計算手順】,非公開（archived）,no,,n/a,no,no,other,,
related-terms-navigation,用語ハブ活用法,第一種衛生管理者試験·関連用語での回遊【用語解説·5科目タグ】,archived,H用語導線,know,C,4,skip,,第一種衛生管理者試験·関連用語での回遊【用語解説·5科目タグ】,非公開（archived）,no,,n/a,no,no,other,,
terms-importance-levels,用語ハブ活用法,第一種衛生管理者試験·用語重要度の見方【5科目×A/B/C】,archived,H用語導線,know,C,4,skip,,第一種衛生管理者試験·用語重要度の見方【5科目×A/B/C】,非公開（archived）,no,,n/a,no,no,other,,
terms-with-past-questions,用語ハブ活用法,第一種衛生管理者試験·過去問連動用語【演習誤答→用語解説】,archived,H用語導線,know,C,4,skip,,第一種衛生管理者試験·過去問連動用語【演習誤答→用語解説】,非公開（archived）,no,,n/a,no,no,other,,
moushikomi-nagare,受験・申込,第一種衛生管理者試験の申込み・受験の流れ【オンライン申込から試験日まで】,archived,I固有,do,A,42,skip,,第一種衛生管理者試験の申込み・受験の流れ【オンライン申込から試験日まで】,非公開（archived）,no,,n/a,yes,no,other,,
saijuken-guide,受験・申込,第一種衛生管理者·不合格後の再受験ガイド【切り替えと弱点克服】,archived,I固有,do,A,42,skip,,第一種衛生管理者·不合格後の再受験ガイド【切り替えと弱点克服】,非公開（archived）,no,,n/a,yes,no,other,,
shiken-guide,試験概要,第一種衛生管理者 試験ガイド【100問5科目·受験資格·独学の全体像】,archived,I固有,do,A,42,skip,,第一種衛生管理者 試験ガイド【100問5科目·受験資格·独学の全体像】,非公開（archived）,no,,n/a,yes,no,other,,
shiken-kamoku,試験概要,第一種衛生管理者の試験科目·出題範囲【5科目100問·各20問】,archived,I固有,do,A,42,skip,,第一種衛生管理者の試験科目·出題範囲【5科目100問·各20問】,非公開（archived）,no,,n/a,yes,no,other,,
shiken-mondai-keishiki,試験概要,第一種衛生管理者試験·問題形式·時間配分【100問·180分·5科目】,archived,I固有,do,A,42,skip,,第一種衛生管理者試験·問題形式·時間配分【100問·180分·5科目】,非公開（archived）,no,,n/a,yes,no,other,,
shiken-tojitsu-mochimono,試験概要,第一種衛生管理者・試験当日の持ち物【HB鉛筆・受験票・13:30開始】,archived,I固有,do,A,42,skip,,第一種衛生管理者・試験当日の持ち物【HB鉛筆・受験票・13:30開始】,非公開（archived）,no,,n/a,yes,no,other,,
anzen-eisei-taisei,分野別対策,第一種衛生管理者·安全衛生管理体制【選任·専任·委員会】,archived,I固有,do,B,36,skip,,第一種衛生管理者·安全衛生管理体制【選任·専任·委員会】,非公開（archived）,no,,n/a,yes,no,other,,
benkyou-jikan,独学対策,第一種衛生管理者の勉強時間はどれくらい？1·2·3ヶ月の目安【80〜120時間】,archived,I固有,do,B,36,skip,,第一種衛生管理者の勉強時間はどれくらい？1·2·3ヶ月の目安【80〜120時間】,非公開（archived）,no,,n/a,yes,no,other,,
benkyou-junban,独学対策,第一種衛生管理者・勉強の順番【初学者5科目ロードマップ】,archived,I固有,do,B,36,skip,,第一種衛生管理者・勉強の順番【初学者5科目ロードマップ】,非公開（archived）,no,,n/a,yes,no,other,,
dokugaku-guide,独学対策,第一種衛生管理者の独学合格ガイド【過去問・一問一答・直前対策の進め方】,archived,I固有,do,B,36,skip,,第一種衛生管理者の独学合格ガイド【過去問・一問一答・直前対策の進め方】,非公開（archived）,no,,n/a,yes,no,other,,
funjin-sokutei-matome,分野別対策,第一種衛生管理者·粉じん·作業環境測定【有害40問のつながり】,archived,I固有,do,B,36,skip,,第一種衛生管理者·粉じん·作業環境測定【有害40問のつながり】,非公開（archived）,no,,n/a,yes,no,other,,
horei-kaisei-benkyou,独学対策,第一種衛生管理者·法令改正の追い方【最新テキストと演習の更新】,archived,I固有,do,B,36,skip,,第一種衛生管理者·法令改正の追い方【最新テキストと演習の更新】,非公開（archived）,no,,n/a,yes,no,other,,
ichimon-ittou-guide,独学対策,第一種衛生管理者・一問一答の使い方【数値·期限·組合せの反復】,archived,I固有,do,B,36,skip,,第一種衛生管理者・一問一答の使い方【数値·期限·組合せの反復】,非公開（archived）,no,,n/a,yes,no,other,,
kagaku-busshitsu-taisaku,分野別対策,第一種衛生管理者・化学物質管理の試験対策【化管法·3列メモ】,archived,I固有,do,B,36,skip,,第一種衛生管理者・化学物質管理の試験対策【化管法·3列メモ】,非公開（archived）,no,,n/a,yes,no,other,,
kakomon-kakaikata,独学対策,第一種衛生管理者・過去問の効果的な回し方【1周目・2周目・3周目】,archived,I固有,do,B,36,skip,,第一種衛生管理者・過去問の効果的な回し方【1周目・2周目・3周目】,非公開（archived）,no,,n/a,yes,no,other,,
kankei-hourei-benkyou,分野別対策,第一種衛生管理者・関係法令の勉強法【有害·有害以外2科目40問】,archived,I固有,do,B,36,skip,,第一種衛生管理者・関係法令の勉強法【有害·有害以外2科目40問】,非公開（archived）,no,,n/a,yes,no,other,,
kenko-shindan-guide,分野別対策,第一種衛生管理者·健康診断試験対策【定期·特定·保存30年】,archived,I固有,do,B,36,skip,,第一種衛生管理者·健康診断試験対策【定期·特定·保存30年】,非公開（archived）,no,,n/a,yes,no,other,,
machigai-chui-ten,独学対策,第一種衛生管理者·よく間違える論点【5科目·ひっかけ対策】,archived,I固有,do,B,36,skip,,第一種衛生管理者·よく間違える論点【5科目·ひっかけ対策】,非公開（archived）,no,,n/a,yes,no,other,,
netchu-wbgt-guide,分野別対策,第一種衛生管理者·温熱·WBGT·暑熱順化【計算と法令】,archived,I固有,do,B,36,skip,,第一種衛生管理者·温熱·WBGT·暑熱順化【計算と法令】,非公開（archived）,no,,n/a,yes,no,other,,
nishu-kara-ichishu,独学対策,第二種衛生管理者から第一種へ【差分40問·労働生理20問】,archived,I固有,do,B,36,skip,,第二種衛生管理者から第一種へ【差分40問·労働生理20問】,非公開（archived）,no,,n/a,yes,no,other,,
orig-mondai-guide,独学対策,第一種衛生管理者·オリジナル問題の使い方【本番前の実力チェック】,archived,I固有,do,B,36,skip,,第一種衛生管理者·オリジナル問題の使い方【本番前の実力チェック】,非公開（archived）,no,,n/a,yes,no,other,,
rodoeisei-benkyou,分野別対策,第一種衛生管理者・労働衛生の勉強法【有害·有害以外40問】,archived,I固有,do,B,36,skip,,第一種衛生管理者・労働衛生の勉強法【有害·有害以外40問】,非公開（archived）,no,,n/a,yes,no,other,,
rodoseiri-benkyou,分野別対策,第一種衛生管理者・労働生理の勉強法【計算·WBGT·8/20足切り】,archived,I固有,do,B,36,skip,,第一種衛生管理者・労働生理の勉強法【計算·WBGT·8/20足切り】,非公開（archived）,no,,n/a,yes,no,other,,
shukkin-dokugaku-jikan,独学対策,仕事しながら第一種衛生管理者を目指す【平日1.5h＋土日4h】,archived,I固有,do,B,36,skip,,仕事しながら第一種衛生管理者を目指す【平日1.5h＋土日4h】,非公開（archived）,no,,n/a,yes,no,other,,
stress-check-taisaku,分野別対策,第一種衛生管理者·ストレスチェック試験対策【50人·面接·保存】,archived,I固有,do,B,36,skip,,第一種衛生管理者·ストレスチェック試験対策【50人·面接·保存】,非公開（archived）,no,,n/a,yes,no,other,,
textbook-senmon,独学対策,第一種衛生管理者のテキスト・通信講座の選び方【独学1冊＋演習】,archived,I固有,do,B,36,skip,,第一種衛生管理者のテキスト・通信講座の選び方【独学1冊＋演習】,非公開（archived）,no,,n/a,yes,no,other,,
yuugai-gyoumu-matome,分野別対策,第一種衛生管理者·有害業務·優遇措置の整理【法令40問のつながり】,archived,I固有,do,B,36,skip,,第一種衛生管理者·有害業務·優遇措置の整理【法令40問のつながり】,非公開（archived）,no,,n/a,yes,no,other,,
eisei-kanrisha-gyoumu,試験概要,第一種衛生管理者·仕事内容【試験合格後の役割·選任】,archived,I固有,do,C,30,skip,,第一種衛生管理者·仕事内容【試験合格後の役割·選任】,非公開（archived）,no,,n/a,yes,no,other,,
kakomon-theme-frequency,試験概要,第一種衛生管理者·過去問616問·科目·テーマ別出題傾向【14回分】,archived,I固有,do,C,30,skip,,第一種衛生管理者·過去問616問·科目·テーマ別出題傾向【14回分】,非公開（archived）,no,,n/a,yes,no,other,,
sangyoui-senmon-eisei,用語ハブ活用法,産業医と衛生管理者の違い【試験範囲·職場役割·用語解説活用法】,archived,I固有,know,C,20,skip,,産業医と衛生管理者の違い【試験範囲·職場役割·用語解説活用法】,非公開（archived）,no,,n/a,yes,no,other,,
tokutei-gyomu-kenko,用語ハブ活用法,特定業務従事者の健康診断【試験範囲·用語解説と20問演習】,archived,I固有,know,C,20,skip,,特定業務従事者の健康診断【試験範囲·用語解説と20問演習】,非公開（archived）,no,,n/a,yes,no,other,,
affiliate-correspondence-course,独学対策,第一種衛生管理者試験の通信講座比較【TAC vs LEC】独学との併用【2026年度版】,draft,Jアフィ,buy,B,56,skip,,第一種衛生管理者試験の通信講座比較【TAC vs LEC】独学との併用【2026年度版】,非公開（draft）,no,,n/a,no,no,affiliate,,
affiliate-cram-school,独学対策,第一種衛生管理者試験の通学講座比較【TAC教室 vs ビデオブース】独学との併用【2026年度版】,draft,Jアフィ,buy,B,56,skip,,第一種衛生管理者試験の通学講座比較【TAC教室 vs ビデオブース】独学との併用【2026年度版】,非公開（draft）,no,,n/a,no,no,affiliate,,
